"tutto",261041
"della",238306
"fatto",222451
"detto",195165
"stato",171066
"anche",167954
"tutti",166194
"molto",163230
"posso",147823
"prima",141982
"siamo",138603
"hanno",134281
"delle",114624
"altro",108511
"forse",103463
"tempo",97360
"nella",97030
"certo",96918
"fuori",96097
"credo",93087
"parte",90755
"visto",89168
"volta",85136
"amico",81626
"stata",78220
"padre",77591
"posto",76222
"vuole",71661
"senza",66088
"penso",62897
"cazzo",61834
"dalla",60386
"sulla",59790
"mamma",59343
"avete",58480
"tanto",58477
"altra",57479
"nuovo",57478
"madre",57252
"fosse",56975
"avere",56328
"aveva",55256
"farlo",54195
"abbia",54011
"soldi",52601
"prego",51858
"vieni",50895
"gente",50733
"senti",50124
"piace",49869
"avevo",48273
"degli",47748
"siete",47403
"tutte",46131
"forza",45941
"avuto",45177
"altri",44741
"tutta",44718
"donna",44546
"pensi",44474
"preso",44292
"mondo",43981
"notte",42772
"basta",42572
"stare",42168
"testa",41400
"sotto",40945
"volte",39879
"nulla",39384
"bella",39354
"buona",39075
"erano",38571
"porta",38372
"morto",38201
"avrei",36771
"serve",36391
"scusa",35728
"bello",34923
"paura",33691
"letto",33203
"aiuto",32414
"amici",32372
"stavo",32172
"state",31082
"merda",30973
"amore",30869
"citta",30700
"piano",30598
"stati",29760
"morte",29450
"primo",29251
"quasi",28304
"quale",27980
"punto",27046
"scusi",27042
"credi",26757
"terra",26304
"sento",26218
"occhi",25564
"colpa",25388
"perso",25288
"tardi",24882
"stava",24706
"viene",24098
"nelle",24079
"cuore",23767
"messo",23672
"spero",22995
"pensa",22727
"fanno",22639
"possa",22457
"altre",22305
"fatta",22294
"acqua",22228
"serio",21995
"fossi",21784
"forte",21771
"bravo",21552
"sacco",21288
"corpo",21105
"donne",21049
"verso",20097
"parla",20041
"festa",19723
"conto",19458
"prova",19358
"farti",19304
"senso",18999
"unica",18941
"nuova",18819
"vista",18780
"piedi",18695
"mezzo",18687
"sopra",18348
"dimmi",18157
"farmi",17760
"gioco",17625
"figli",17543
"unico",17466
"resto",17417
"dammi",17261
"mente",17014
"avevi",16920
"siano",16698
"fuoco",16570
"morta",16542
"tizio",15889
"dalle",15843
"sarei",15688
"fammi",15536
"molti",15523
"andra",15184
"causa",14778
"sulle",14672
"paese",14631
"tieni",14512
"negli",14500
"buono",14467
"libro",14462
"sesso",14303
"torna",14041
"farai",13871
"lungo",13771
"entra",13688
"dirmi",13589
"fatti",13490
"molte",13460
"dieci",13224
"dello",13147
"campo",13122
"sarai",13119
"parli",12996
"cerca",12990
"amica",12893
"bagno",12889
"onore",12849
"caffe",12605
"usare",12538
"cielo",12511
"morti",12443
"dirlo",12358
"trova",12295
"passo",12284
"circa",12222
"bocca",11851
"poter",11815
"prove",11766
"crede",11599
"oltre",11579
"dirti",11454
"brava",11226
"resta",11216
"colpo",11189
"metti",11182
"fondo",11138
"pazzo",11077
"lasci",11021
"vanno",10979
"venga",10929
"fermo",10904
"grado",10903
"zitto",10646
"torno",10630
"sogno",10550
"verra",10455
"pezzo",10404
"direi",10342
"scena",10325
"legge",10276
"porto",10227
"nello",10194
"lista",10008
"addio",10006
"giuro",9862
"ormai",9828
"vengo",9715
"quali",9625
"avrai",9601
"aereo",9570
"disse",9536
"sanno",9524
"pieno",9461
"presa",9407
"fallo",9298
"usato",9099
"mille",9091
"parti",9001
"andro",8878
"sette",8867
"farci",8847
"sente",8787
"linea",8776
"tanti",8771
"manca",8759
"carta",8741
"tante",8683
"tempi",8672
"dolce",8612
"nonna",8610
"senta",8414
"calma",8320
"stavi",8291
"vinto",8258
"trovo",8205
"adoro",8180
"luogo",8098
"porti",7925
"trovi",7893
"corso",7856
"pezzi",7844
"birra",7785
"droga",7642
"entro",7608
"forma",7571
"dagli",7536
"ferma",7470
"fermi",7465
"ballo",7440
"parlo",7428
"palle",7404
"santo",7377
"piena",7374
"anima",7364
"borsa",7169
"radio",7167
"potra",7117
"vorra",6988
"passi",6953
"caldo",6944
"umano",6931
"aiuti",6898
"rotto",6898
"passa",6874
"lunga",6833
"pelle",6829
"nonno",6817
"rende",6787
"barca",6768
"video",6721
"reale",6680
"alcun",6670
"carne",6665
"farla",6660
"farsi",6657
"buone",6603
"sogni",6595
"nuovi",6587
"treno",6543
"rosso",6533
"pochi",6530
"banca",6512
"gamba",6493
"dovro",6480
"bomba",6463
"hotel",6428
"segno",6398
"certa",6370
"farei",6228
"dovra",6143
"tocca",6136
"cerco",6127
"belle",6118
"gambe",6077
"posti",6052
"palla",6031
"danno",5978
"metri",5951
"farle",5889
"unita",5869
"torni",5859
"guida",5845
"molta",5823
"darmi",5810
"bordo",5785
"frega",5782
"finta",5687
"messa",5627
"collo",5620
"metto",5614
"darti",5570
"libri",5557
"pazza",5552
"umani",5517
"odore",5493
"mossa",5469
"mette",5423
"terzo",5412
"digli",5411
"punti",5370
"carte",5261
"torta",5258
"razza",5257
"costa",5242
"serie",5239
"fiori",5238
"grave",5175
"pesce",5106
"isola",5097
"corsa",5085
"ponte",5049
"nuove",5036
"verde",4977
"porca",4923
"buoni",4920
"turno",4905
"utile",4880
"stara",4844
"corte",4793
"tengo",4792
"visti",4791
"dirle",4790
"basso",4787
"conta",4773
"tiene",4771
"piede",4770
"denti",4742
"bacio",4736
"provi",4735
"resti",4732
"scopo",4713
"fiume",4687
"pausa",4666
"retro",4631
"stile",4576
"opera",4563
"breve",4561
"conti",4542
"matto",4532
"suona",4479
"vince",4477
"latte",4456
"vento",4427
"spada",4367
"corri",4362
"rotta",4303
"forze",4298
"sedia",4290
"potro",4288
"drink",4286
"ovvio",4286
"tanta",4272
"debba",4257
"dando",4186
"siate",4177
"lassu",4172
"piani",4164
"cento",4161
"metta",4160
"tetto",4144
"gatto",4110
"zitta",4102
"leggi",4069
"provo",4037
"primi",4027
"scuse",4003
"sposa",3982
"pista",3972
"terza",3970
"mezza",3947
"entri",3933
"magia",3928
"genio",3925
"segni",3911
"aiuta",3903
"calmo",3893
"muore",3879
"umana",3873
"troia",3868
"diamo",3856
"parco",3854
"certe",3846
"esame",3832
"liceo",3824
"porte",3824
"staro",3817
"dover",3793
"pollo",3761
"media",3757
"vuoto",3755
"piaci",3746
"manda",3688
"suono",3678
"tenga",3678
"voler",3648
"tette",3611
"sugli",3607
"lotta",3533
"danni",3527
"coach",3504
"dallo",3502
"presi",3474
"ricco",3395
"rossa",3379
"dirai",3340
"puzza",3336
"cella",3320
"venti",3316
"ruolo",3314
"seria",3313
"pazzi",3298
"posta",3277
"pugno",3267
"colpi",3251
"forti",3245
"banda",3238
"verro",3221
"bravi",3198
"poche",3190
"crisi",3171
"corpi",3148
"spara",3147
"falso",3142
"super",3141
"salta",3130
"venne",3112
"tolto",3105
"gioia",3090
"dirci",3088
"ladro",3079
"creda",3054
"persa",3047
"copia",3045
"scale",3040
"dillo",3035
"calda",3034
"darle",3032
"salto",3010
"amato",3008
"prese",2958
"farvi",2927
"fatte",2907
"fonte",2904
"pizza",2889
"cieco",2886
"calmi",2846
"tazza",2843
"spese",2842
"regno",2830
"bugie",2795
"tasca",2791
"punta",2787
"sullo",2782
"petto",2782
"ovest",2774
"pieta",2724
"firma",2716
"socio",2715
"volto",2714
"darci",2714
"folle",2711
"ombra",2707
"sparo",2688
"rendi",2683
"dormi",2682
"sonno",2672
"farne",2658
"prete",2656
"tomba",2655
"gioca",2646
"abito",2642
"patto",2640
"calci",2637
"furto",2634
"vedro",2626
"chili",2626
"scemo",2616
"messi",2565
"bugia",2553
"feste",2544
"sapra",2542
"certi",2533
"gusto",2528
"scala",2514
"dorme",2509
"mappa",2460
"corda",2454
"sieda",2453
"amare",2448
"becco",2442
"dissi",2441
"esami",2441
"butta",2431
"lieto",2421
"epoca",2418
"belli",2410
"dirvi",2392
"sport",2391
"retta",2389
"virus",2372
"vedra",2362
"dosso",2362
"perde",2361
"darsi",2351
"fondi",2347
"salvo",2337
"russo",2301
"legno",2299
"buffo",2298
"teste",2295
"gradi",2265
"torre",2255
"abiti",2255
"falla",2255
"bosco",2248
"spari",2245
"dolci",2242
"ferro",2238
"largo",2235
"mangi",2234
"fiero",2227
"dille",2219
"notti",2186
"amava",2185
"vetro",2181
"sorta",2178
"usata",2177
"farli",2170
"umore",2169
"robot",2168
"furbo",2167
"prime",2158
"metro",2155
"agire",2154
"rossi",2145
"penna",2134
"studi",2133
"disco",2133
"conte",2118
"frase",2118
"sfida",2110
"russi",2105
"alcol",2103
"pesci",2081
"canta",2080
"cassa",2067
"miele",2064
"muove",2064
"campi",2042
"ebrei",2033
"folla",2031
"porno",2024
"museo",2023
"usano",2019
"vasca",2017
"larga",2004
"dubbi",2003
"fiera",1996
"morso",1987
"mezzi",1985
"bombe",1982
"offro",1982
"palco",1977
"andar",1965
"terro",1965
"dacci",1958
"mando",1954
"party",1926
"corto",1925
"torto",1924
"extra",1923
"inizi",1923
"motel",1909
"vuota",1908
"muori",1908
"offre",1890
"bassa",1889
"carro",1863
"croce",1849
"busta",1844
"tasse",1832
"barba",1832
"ebreo",1818
"fiato",1815
"zuppa",1807
"nozze",1807
"persi",1805
"costo",1797
"aerei",1796
"gatti",1795
"pesca",1795
"succo",1789
"ladri",1783
"alibi",1777
"amavo",1774
"danza",1774
"amano",1773
"gomma",1768
"tocco",1767
"finto",1766
"adora",1765
"fiore",1764
"canto",1764
"segui",1759
"pasto",1758
"gesto",1757
"pacco",1754
"negro",1751
"anime",1747
"massa",1741
"paghi",1739
"serva",1738
"sposo",1734
"polso",1733
"grato",1725
"esser",1724
"parto",1721
"salsa",1702
"bimbo",1699
"premi",1684
"banco",1681
"burro",1677
"foste",1671
"segue",1667
"sensi",1656
"menti",1643
"shock",1642
"abita",1638
"tende",1631
"mandi",1630
"ritmo",1622
"togli",1616
"pieni",1606
"salva",1604
"cuori",1603
"monte",1599
"porco",1594
"delia",1594
"ruota",1591
"botte",1590
"vacci",1587
"targa",1574
"acque",1571
"perdi",1562
"matta",1553
"colui",1552
"linee",1546
"crema",1539
"tenda",1534
"leone",1527
"seguo",1526
"reato",1520
"mogli",1519
"spesa",1517
"pugni",1513
"secco",1511
"cambi",1501
"ricca",1499
"costi",1498
"sesto",1495
"salvi",1479
"balla",1479
"zitti",1476
"frigo",1475
"grida",1475
"dormo",1470
"speso",1464
"viste",1455
"corre",1446
"usate",1436
"villa",1433
"getta",1431
"matti",1429
"guido",1422
"staff",1418
"batte",1415
"unici",1411
"sacro",1408
"stufo",1407
"circo",1405
"facce",1395
"asilo",1393
"cotta",1389
"rendo",1386
"servi",1385
"leggo",1383
"drago",1382
"tagli",1381
"servo",1380
"suoni",1378
"merce",1375
"spina",1374
"amata",1373
"scene",1370
"cifra",1367
"nervi",1367
"tigre",1355
"falsa",1355
"vodka",1352
"vende",1335
"valle",1327
"forno",1326
"fango",1322
"sposi",1319
"email",1315
"lusso",1313
"album",1305
"paesi",1300
"laser",1298
"datti",1298
"cacca",1296
"muova",1288
"perdo",1287
"ansia",1275
"lento",1272
"terra",1272
"somma",1269
"poker",1269
"pasta",1267
"reali",1266
"sorte",1264
"guaio",1261
"darvi",1259
"suolo",1259
"mazza",1256
"cause",1254
"muoio",1241
"gonna",1239
"falsi",1235
"padri",1234
"muovi",1231
"gravi",1229
"russa",1226
"muoia",1219
"cesso",1200
"fagli",1197
"stufa",1196
"rissa",1194
"forme",1191
"diede",1190
"medio",1189
"canna",1186
"vacca",1185
"mafia",1176
"avuta",1171
"preda",1170
"soldo",1167
"ruote",1165
"copie",1160
"segua",1158
"acido",1155
"scudo",1155
"mucca",1155
"andai",1153
"madri",1152
"pozzo",1150
"grata",1140
"verme",1140
"dieta",1138
"cieca",1137
"varie",1136
"umane",1135
"terre",1133
"sapro",1132
"trono",1122
"molla",1121
"rosse",1115
"scudi",1113
"guidi",1113
"viola",1107
"prega",1107
"verdi",1104
"jeans",1099
"bimba",1099
"quota",1099
"scuso",1098
"scopa",1097
"birre",1092
"darei",1082
"versi",1079
"tribu",1077
"mensa",1076
"raggi",1075
"esima",1071
"sordo",1069
"valga",1065
"facci",1065
"dicci",1064
"ciclo",1064
"scout",1063
"porto",1055
"perse",1055
"baffi",1054
"corsi",1053
"scopi",1051
"piene",1049
"radar",1047
"tolga",1047
"darai",1042
"botta",1040
"spera",1039
"zaino",1036
"dente",1036
"mondi",1035
"fonti",1022
"detta",1019
"degno",1019
"siedi",1016
"torte",1012
"vabbe",1000
"messe",999
"brave",999
"suite",999
"lieta",998
"opere",996
"clown",994
"agito",994
"norma",991
"multa",989
"utili",987
"unite",984
"bassi",982
"renda",981
"night",981
"cuoco",980
"curva",979
"gusti",974
"cieli",973
"fossa",968
"cazzi",966
"sceso",961
"corse",960
"bagni",960
"negri",958
"mosse",951
"round",950
"salti",950
"false",949
"santi",948
"marzo",948
"ninja",947
"animo",945
"prato",944
"panni",939
"mento",938
"talpa",937
"unito",937
"usero",935
"ditta",934
"letti",930
"tolgo",930
"lutto",927
"grano",925
"greco",921
"zampe",920
"fissa",920
"fetta",918
"buchi",918
"capra",916
"leale",914
"ranch",914
"porre",913
"vendo",910
"casco",909
"aerea",909
"vinci",905
"piove",903
"fisso",895
"tatto",888
"cifre",886
"rospo",880
"vuote",872
"borse",867
"gomme",867
"ombre",865
"secca",863
"ancor",863
"flash",860
"vermi",858
"rotte",857
"rocce",856
"orari",855
"hobby",853
"corde",853
"peste",853
"tosta",852
"erede",847
"ragno",847
"firmi",844
"falli",844
"turni",842
"sappi",842
"frode",840
"usati",840
"venir",836
"esimo",834
"butto",833
"testo",833
"pompa",829
"casse",823
"karma",821
"torno",816
"veste",814
"tasso",813
"poeta",813
"usava",812
"trovo",811
"sosta",811
"senno",811
"saper",810
"volti",809
"etero",800
"falco",799
"colto",798
"crack",795
"balle",794
"treni",791
"paure",789
"carri",789
"sorso",786
"mosso",782
"butti",780
"litri",779
"balli",772
"rompe",772
"canti",767
"sedie",766
"freni",766
"sfera",765
"volpe",765
"isole",762
"spade",755
"sputa",754
"manco",754
"frena",750
"force",750
"cervo",746
"lenti",745
"stima",742
"legga",739
"tosse",737
"perla",736
"color",734
"chilo",733
"bonta",732
"steso",727
"tirar",726
"virtu",725
"sasso",723
"marca",719
"siedo",718
"furia",714
"legna",709
"piega",707
"batti",706
"righe",706
"coppa",705
"freno",704
"ferie",702
"osare",697
"scesa",695
"leoni",694
"arabo",693
"lampo",693
"nuoto",691
"umile",690
"scuro",689
"water",688
"furba",688
"ascia",688
"gamma",687
"privo",687
"zucca",687
"turco",685
"ponti",683
"udito",681
"calze",681
"mamme",680
"vuoti",678
"abuso",676
"bonus",675
"atrio",675
"ratto",674
"bacon",673
"razzo",672
"marea",669
"scema",669
"toast",668
"cocco",667
"vendi",665
"valsa",662
"audio",662
"vivra",660
"mutuo",657
"merci",657
"zecca",653
"amavi",650
"buffa",648
"panna",646
"perda",646
"menta",646
"metal",644
"sacra",644
"nonni",642
"cagna",642
"strip",642
"lenta",640
"sushi",639
"patti",639
"tolta",638
"frasi",637
"dance",637
"unita",632
"furti",630
"fogna",627
"falle",627
"corna",625
"sella",624
"suora",624
"clima",621
"vetri",621
"corno",620
"asino",617
"colla",616
"grati",616
"pasti",615
"nasce",614
"spray",613
"lotto",608
"perle",608
"magro",605
"manzo",603
"sonda",602
"tener",600
"unire",599
"sacca",597
"alito",597
"bimbi",597
"reati",595
"bande",594
"dirla",593
"tonno",591
"tosto",590
"vivro",590
"capii",588
"muovo",585
"tenta",584
"abile",583
"ratti",583
"grana",582
"mazzo",581
"offri",579
"baule",578
"puzzi",576
"corta",574
"copre",566
"amate",566
"polli",565
"corro",565
"yacht",564
"giura",564
"gocce",563
"tondo",562
"galla",562
"siede",561
"salga",561
"culla",561
"vinco",560
"morsi",560
"dalia",560
"segna",559
"pompe",557
"degna",552
"assai",550
"zampa",547
"flebo",545
"magra",544
"adori",544
"cadra",543
"avuti",542
"setta",541
"fieri",540
"tango",540
"frego",540
"delie",540
"motto",540
"dirsi",539
"affar",538
"nanna",537
"fesso",537
"corti",536
"spazi",533
"bolle",529
"farsa",528
"amero",527
"grido",527
"darlo",527
"scuri",526
"dette",525
"copro",524
"tombe",524
"furbi",522
"cotto",521
"folli",518
"vizio",517
"rompi",516
"gallo",514
"etica",514
"dessi",512
"ebrea",511
"regge",510
"salgo",510
"bacia",508
"monta",508
"porci",508
"modus",507
"field",507
"fotta",507
"medie",507
"osato",507
"caldi",506
"preti",506
"celle",505
"greci",504
"cadde",503
"aglio",501
"urina",499
"clone",498
"ictus",496
"arena",496
"troll",494
"mappe",493
"torri",492
"voila",491
"fibre",491
"rotti",489
"mance",489
"priva",488
"corvo",485
"piume",485
"check",485
"piste",483
"penne",482
"evita",482
"vinta",481
"cuoca",480
"cesto",476
"speri",476
"utero",474
"crepa",474
"picco",474
"vesti",471
"fogli",471
"veder",470
"volle",470
"lanci",468
"tappo",466
"passo",466
"lieve",464
"darla",464
"abusi",463
"monti",462
"usera",461
"serra",461
"basse",460
"elite",459
"ladra",458
"alias",458
"scura",458
"testi",456
"russe",455
"sogna",452
"scafo",446
"fiumi",446
"entro",445
"penso",444
"tasto",443
"polsi",441
"light",439
"serbo",436
"esito",435
"gesso",435
"regia",435
"sesta",435
"pigro",433
"gatta",431
"cosce",431
"ragni",430
"evaso",427
"balia",426
"sorda",424
"lotte",422
"fingi",421
"trama",421
"timer",420
"calde",420
"pazze",419
"bolla",418
"tuono",418
"rompo",417
"detti",417
"senno",416
"bruto",416
"vorro",416
"arabi",414
"barre",414
"cenno",413
"siero",411
"lecca",411
"ruoli",410
"suore",409
"spine",407
"buste",407
"tonto",407
"scesi",407
"maghi",406
"amigo",404
"brodo",403
"bussa",403
"vasta",401
"fissi",400
"benda",400
"sfogo",399
"felpa",399
"sfido",399
"morde",398
"spesi",397
"vinca",397
"parlo",397
"molli",396
"colpe",396
"mollo",395
"multe",393
"ferri",392
"copri",391
"odori",391
"cobra",386
"giace",386
"tarda",386
"snack",385
"rampa",384
"cerco",382
"ampio",381
"caffe",380
"pappa",379
"barra",379
"torti",379
"invio",379
"culto",379
"orale",378
"razzi",378
"calvo",377
"desse",377
"lente",376
"sfiga",376
"amaro",376
"basti",376
"palmo",376
"sassi",375
"morsa",373
"letta",373
"poppa",372
"retto",372
"gesti",370
"lieti",369
"umido",369
"seghe",369
"finge",366
"vamos",365
"boxer",364
"fotte",364
"diano",364
"tazze",362
"pulci",361
"invia",358
"fighi",358
"scavo",358
"saggi",358
"ferme",357
"stand",356
"cosmo",355
"nutre",354
"froci",353
"cigno",353
"firmo",353
"ampia",352
"pento",352
"fosso",352
"brevi",351
"mando",350
"capre",350
"fungo",349
"curry",348
"esigo",347
"nervo",347
"fonda",347
"morbo",345
"muffa",345
"bleah",344
"fibra",344
"rango",343
"panda",343
"finti",343
"marmo",343
"curve",342
"fighe",342
"sauna",342
"blues",342
"sfide",342
"canne",340
"socia",339
"aeree",339
"senti",338
"tetta",338
"pinze",337
"botto",337
"fogne",337
"frate",337
"netto",336
"grigi",333
"vasto",333
"litro",332
"bende",331
"parta",331
"pegni",331
"micio",331
"getti",329
"berro",329
"orgia",328
"piuma",328
"germi",327
"avute",325
"viale",325
"finte",324
"tetti",323
"misto",323
"cuoio",322
"ovvia",322
"favor",322
"avido",321
"tuffo",320
"begli",320
"turba",320
"varco",319
"bullo",319
"pizze",319
"scemi",318
"greca",318
"corvi",317
"acuta",316
"acuto",316
"amati",315
"cloni",314
"vallo",313
"tappa",312
"saldo",311
"turbo",311
"baita",310
"stiva",310
"masse",309
"diari",309
"nuota",308
"onori",308
"marce",307
"meteo",306
"sarto",305
"punte",305
"mania",304
"fette",304
"versa",304
"fieno",304
"pesos",303
"scava",302
"torce",301
"capro",301
"osate",301
"venni",300
"debbo",300
"scoop",300
"sputo",299
"liste",299
"ahime",299
"valgo",298
"apice",298
"bluff",297
"doppi",295
"norme",294
"piaga",294
"giuri",294
"vatti",294
"terzi",294
"creme",293
"tacco",291
"oppio",291
"latta",291
"belio",289
"agita",288
"tutor",288
"buche",287
"docce",286
"neuro",286
"reggi",285
"beato",285
"tenti",285
"varra",285
"cargo",284
"rodeo",284
"trave",284
"match",284
"tigri",283
"milza",282
"avena",281
"macho",281
"firme",281
"quote",280
"risse",280
"diedi",279
"aceto",279
"click",279
"danze",279
"cicli",279
"globo",277
"coste",277
"molle",277
"tassa",276
"odora",276
"dorma",274
"scavi",274
"preme",274
"hippy",273
"getto",272
"sodio",272
"batto",271
"punch",271
"pegno",271
"citta",270
"anale",270
"zebra",270
"mazze",269
"eviti",269
"lacci",268
"corra",268
"etico",267
"troie",267
"sfere",266
"relax",266
"fichi",265
"bruci",265
"brano",264
"urine",263
"alghe",263
"colon",262
"idolo",261
"mitra",260
"ricci",259
"vesto",259
"fisco",259
"drone",258
"sorge",258
"fugge",257
"colpi",257
"offra",257
"dista",257
"trema",256
"colei",256
"tutti",256
"pozza",256
"colta",253
"bordi",253
"fanne",252
"fummo",252
"zolfo",250
"ossia",250
"sacre",250
"tacos",250
"berlo",248
"puzzo",247
"sound",247
"merde",247
"pinta",246
"rughe",245
"sosia",244
"pause",243
"crudo",243
"marci",242
"regni",239
"forum",238
"ceppo",238
"oliva",237
"fiala",237
"tinta",236
"udite",236
"fiuto",236
"stasi",236
"vinse",236
"poste",236
"gergo",236
"henry",235
"fitta",235
"amera",234
"parso",234
"sordi",234
"reggo",233
"razze",233
"zoppo",233
"sacri",233
"bozza",233
"calza",233
"umili",232
"poeti",232
"bulli",232
"salvo",232
"pover",231
"unira",231
"fotto",231
"azoto",231
"vetta",230
"prima",230
"droni",229
"lotti",229
"pozzi",229
"sposo",228
"umida",228
"somme",227
"magie",226
"agiti",226
"rombo",226
"mezze",226
"cavia",226
"saldi",225
"degni",225
"forca",225
"sparo",224
"rugby",222
"fuggi",222
"prude",222
"atomi",222
"cauto",222
"canoa",222
"tappi",221
"amara",221
"busto",221
"vieta",221
"verbo",220
"bagel",220
"edile",219
"leali",219
"rullo",219
"palma",219
"cessi",218
"amori",217
"lepre",217
"briga",217
"oblio",216
"stage",216
"siamo",216
"tolti",216
"fiche",216
"rozzo",214
"prede",214
"ronda",213
"nuora",212
"mango",212
"trota",212
"gioie",211
"venda",211
"colmo",210
"neghi",209
"bruna",209
"cervi",209
"giada",209
"bensi",209
"belva",209
"darli",209
"lupus",208
"cacao",207
"scese",207
"copra",206
"alone",206
"aiuto",205
"usalo",205
"mordo",205
"serpe",205
"crash",205
"zanne",204
"caffe",204
"pacca",204
"beata",202
"pongo",202
"fermo",202
"swing",202
"mordi",201
"tenne",201
"cruda",201
"poema",201
"tizia",201
"faina",200
"salma",200
"astro",199
"pesto",199
"fusto",199
"scade",198
"smise",198
"guide",198
"dorso",198
"sputi",197
"reame",197
"scure",197
"porgo",196
"puffo",196
"visse",195
"galli",195
"ruppe",194
"gotta",194
"laghi",194
"serbi",194
"speed",194
"tardo",194
"gridi",193
"stesa",193
"tento",192
"omino",192
"money",192
"terme",192
"donde",192
"musei",191
"casca",191
"provo",191
"prema",191
"losco",190
"gilet",189
"acero",189
"ramen",189
"rompa",189
"tasti",188
"limbo",188
"balzo",187
"privi",187
"tuoni",187
"abate",186
"nesso",185
"tanga",185
"heavy",185
"emule",185
"sigla",184
"osseo",184
"jolly",183
"manie",183
"panca",183
"furie",183
"acida",182
"tendo",182
"badge",182
"zitte",182
"offri",181
"ultra",181
"icona",180
"sidro",180
"crepe",180
"sonde",180
"avvio",179
"trans",179
"sonar",178
"mutui",177
"averi",177
"tassi",177
"shake",177
"citta",177
"pelli",177
"addii",176
"pinza",176
"spari",175
"front",174
"sante",174
"frana",174
"bivio",174
"parti",174
"lardo",173
"aorta",173
"acidi",173
"agile",173
"pezza",173
"pigri",172
"premo",172
"esche",172
"ernia",172
"bambu",171
"ridai",171
"duole",171
"jihad",171
"esige",170
"dilla",170
"ficco",170
"esiti",169
"archi",169
"edema",169
"blitz",169
"grane",169
"bando",169
"seppi",169
"tonda",168
"patio",168
"rally",168
"melma",168
"lasso",167
"cinta",167
"mista",167
"cacci",167
"beige",167
"prati",166
"model",165
"ovuli",165
"alter",165
"epica",164
"wagon",164
"cogli",164
"gonfi",163
"epico",163
"larve",163
"touch",163
"pulce",163
"bocce",163
"belga",162
"usavo",162
"pizzo",162
"aroma",162
"regna",161
"stadi",161
"vinti",161
"cavie",161
"sommo",161
"cesta",160
"svago",160
"scolo",160
"avvia",159
"seppe",159
"rupie",159
"mossi",158
"faida",158
"minor",157
"matte",157
"orchi",157
"avidi",157
"spose",156
"regga",156
"elica",155
"andra",155
"evasi",155
"tento",155
"valli",155
"scalo",154
"tosti",154
"stufi",154
"croci",153
"segui",153
"cotte",153
"goffo",153
"fiale",153
"gonne",152
"ambra",152
"fingo",152
"abili",152
"zombi",152
"vitto",152
"kebab",152
"chips",152
"cauti",152
"travi",152
"ninna",152
"cigni",151
"start",151
"netta",151
"banjo",150
"files",149
"nullo",149
"ovvie",149
"carie",148
"ville",148
"asini",148
"class",148
"cuoia",147
"negra",147
"volpi",147
"etere",146
"podio",146
"annoi",145
"gigli",145
"pende",145
"bussi",145
"evito",144
"usala",144
"salto",144
"nutro",144
"cloro",144
"renna",143
"pigra",142
"denso",142
"carni",141
"brama",141
"ovale",141
"torso",140
"gusta",140
"stiro",140
"rigor",139
"malto",139
"fotti",139
"tarlo",139
"potei",138
"after",138
"vesta",138
"spago",138
"rogna",138
"fasce",138
"ozono",137
"leghe",137
"sarta",137
"palme",137
"batta",136
"usino",136
"catch",136
"imita",136
"fessi",136
"under",135
"bruco",135
"lampi",135
"magna",135
"varia",134
"gobbo",134
"fiaba",134
"tolte",134
"stesi",134
"basco",134
"turca",133
"totem",133
"diate",133
"tolse",133
"eredi",132
"spore",132
"bagna",132
"onora",132
"cappa",132
"zaini",132
"leghi",132
"fauna",131
"bimbe",131
"fobia",131
"lette",131
"porvi",130
"prole",130
"sorto",130
"lagna",130
"miste",129
"carpe",128
"colti",127
"gesta",127
"stimo",127
"nasca",127
"trote",127
"resto",127
"ovaie",126
"harem",126
"invii",126
"panno",125
"lacca",125
"uscii",125
"omone",125
"gnomo",125
"vanta",125
"palio",125
"fughe",125
"stili",124
"bongo",124
"giuro",124
"burla",124
"manna",124
"sorti",124
"calli",124
"tetro",124
"bozze",124
"coppe",123
"densa",123
"pinne",123
"atomo",123
"linfa",123
"stime",123
"ready",122
"fiabe",122
"brani",122
"getto",122
"degli",122
"berra",122
"rubli",122
"tremo",121
"sessi",121
"avaro",120
"renne",120
"gusci",120
"cessa",120
"abete",119
"flirt",119
"rogne",119
"suola",118
"fuggi",118
"avida",118
"berne",117
"focus",117
"pinna",117
"udire",117
"mambo",117
"nylon",117
"tacca",116
"pesti",116
"cotti",116
"ossea",116
"lessi",116
"pussa",116
"arduo",116
"palmi",116
"magre",115
"clero",115
"pirla",115
"ganci",115
"ronin",115
"tonta",115
"skate",114
"drogo",114
"compi",114
"dardo",113
"brace",113
"culpa",113
"dalie",113
"carpa",113
"cheti",113
"pisci",113
"amami",112
"cover",112
"lindo",112
"zeppo",112
"mamma",112
"buffi",112
"trial",112
"fiere",111
"lungi",111
"siepe",111
"lievi",111
"esodo",111
"sagra",111
"ovile",111
"rospi",110
"bruta",110
"poppe",110
"panne",110
"femme",110
"pregi",110
"amaca",109
"vanto",109
"fosti",109
"calme",109
"darne",109
"sdrai",108
"ritmi",108
"berla",108
"prora",107
"tibia",107
"tremi",107
"morir",107
"casta",107
"cocci",107
"genti",107
"sbuca",107
"botti",107
"torse",107
"frodi",106
"iodio",106
"animi",106
"beffa",106
"magri",105
"finga",105
"cocca",105
"dirne",105
"narra",105
"tweet",105
"ridia",104
"petit",104
"rampe",104
"emana",104
"berci",104
"forni",104
"gobba",103
"baffo",103
"causi",102
"maree",102
"tappe",102
"metro",102
"vespe",102
"tonfo",101
"gemme",101
"masso",101
"garze",101
"colle",101
"cedro",101
"goffa",101
"sobri",101
"grido",100
"ovulo",100
"osano",99
"stock",99
"gnomi",99
"solfa",99
"frati",99
"paghe",99
"ampie",98
"rifai",98
"tenue",98
"esile",98
"vaghi",98
"edera",98
"lobby",97
"perno",97
"calco",97
"campa",96
"dotto",96
"suole",96
"manto",96
"soave",96
"delio",96
"tocco",95
"sagge",95
"lisci",95
"zuffa",94
"polpa",94
"prode",94
"uniro",94
"micro",94
"finii",94
"fuori",93
"stick",93
"stati",93
"rutto",93
"vibra",93
"draft",92
"araba",92
"lizza",92
"crepi",92
"dalli",92
"tendi",92
"merce",92
"zappa",92
"suono",92
"iella",92
"monto",92
"falce",91
"notai",91
"pesco",91
"fauci",91
"colli",91
"ficca",91
"elite",91
"piova",90
"rozza",90
"invio",90
"primo",90
"cicca",89
"agite",89
"dildo",89
"valla",89
"share",89
"amino",89
"nonne",88
"punge",88
"aspro",88
"prive",88
"foche",88
"buffe",88
"scope",88
"serba",88
"iride",87
"destr",87
"altri",87
"pinte",87
"vette",87
"curdo",87
"nuoce",87
"pesta",87
"salve",87
"ardua",87
"soffi",87
"salse",87
"cozze",86
"vammi",86
"callo",86
"lisce",86
"samba",85
"verra",85
"larva",85
"toppa",85
"colgo",85
"obeso",85
"calce",85
"smile",85
"omini",85
"ganzo",84
"porgi",84
"netti",84
"adieu",84
"kayak",83
"citta",83
"ceffi",83
"aprii",83
"monde",83
"funky",82
"dardi",82
"miope",82
"amari",82
"koala",82
"ditte",82
"bulbo",82
"futon",82
"fusti",82
"maman",81
"bulbi",81
"toste",81
"porsi",81
"fante",81
"manga",81
"obesi",81
"libre",81
"style",80
"valso",80
"bisca",80
"filma",80
"cisti",80
"lilla",80
"arido",80
"merlo",80
"usura",79
"litio",79
"butto",79
"bigne",79
"tight",79
"porra",79
"negar",78
"tinto",78
"talco",78
"tapis",78
"biker",78
"ponga",78
"lesbo",78
"cadro",78
"prosa",78
"verga",78
"vagli",78
"setto",77
"patta",77
"salda",77
"tuffi",77
"apnea",77
"talpe",77
"elogi",77
"siete",77
"gaffe",77
"nuoti",77
"vinte",77
"vorra",77
"humor",77
"visto",77
"grava",76
"gatte",76
"potra",76
"salpa",76
"malta",76
"paste",76
"bacio",76
"celia",76
"grate",76
"polio",76
"ceppi",76
"arpia",75
"lassu",75
"berti",75
"brune",75
"feudo",75
"crude",75
"porro",75
"zinco",75
"tinti",74
"polpo",74
"osera",74
"antro",74
"zonzo",74
"bruni",74
"rumba",74
"iarde",74
"lesse",74
"trame",74
"vigna",74
"onere",74
"calvi",74
"calva",74
"umidi",74
"felpe",74
"ronza",73
"costo",73
"pulsa",73
"rechi",73
"truth",73
"magma",73
"fisse",73
"gazza",72
"bruti",72
"godro",72
"usali",72
"cents",72
"giogo",72
"sonni",72
"fonde",72
"penti",71
"squaw",71
"segga",71
"rasoi",71
"uscio",71
"lover",71
"vanti",71
"tetra",71
"alato",71
"colma",71
"beffe",71
"seggi",70
"sazio",70
"arare",70
"agiva",70
"cachi",70
"landa",70
"firmo",70
"yards",70
"fiati",70
"duomo",70
"retro",70
"tapas",70
"nutri",70
"causo",70
"prego",70
"belve",70
"emiro",69
"zeppa",69
"tondi",69
"andro",69
"lenza",69
"falli",69
"cauta",69
"salmo",69
"sfidi",69
"farro",68
"ronde",68
"caghi",68
"mixer",68
"idoli",68
"lucro",68
"anali",68
"pance",68
"micia",68
"oncia",68
"volar",67
"pente",67
"sorsi",67
"caddy",67
"acuti",67
"egizi",67
"lesso",67
"fobie",67
"lince",67
"fitto",66
"ebree",66
"vitro",66
"amico",66
"slang",66
"tutsi",66
"coupe",66
"mazzi",65
"hurra",65
"porge",65
"input",65
"tarme",65
"ansie",64
"germe",64
"tanfo",64
"coito",64
"avrei",64
"belgi",64
"cromo",64
"busso",64
"lembo",63
"donde",63
"gogna",63
"promo",63
"prodi",63
"alzai",63
"tweed",63
"nitro",63
"arida",62
"giova",62
"piece",62
"split",62
"ciste",62
"polka",62
"lager",62
"golem",62
"calar",62
"pixel",62
"zuppe",61
"opero",61
"zoppa",61
"tiara",61
"degne",61
"dovra",61
"diete",61
"chele",60
"fruga",60
"amore",60
"aspra",60
"freak",60
"selva",60
"astri",60
"volto",60
"sepsi",60
"trita",60
"verra",60
"ioide",60
"fitte",60
"vaghe",59
"molti",59
"reset",59
"amido",59
"petti",59
"lordo",59
"volli",59
"piego",59
"comma",59
"etnia",59
"senti",59
"gulag",59
"operi",58
"vinsi",58
"ceffo",58
"pigna",58
"ruppi",58
"cesti",58
"vaste",58
"bonne",58
"flyer",58
"tesse",58
"giano",58
"tonti",58
"sorga",58
"scola",58
"acume",57
"vario",57
"trend",57
"spedi",57
"astio",57
"deste",57
"rozzi",57
"agira",57
"ghiro",57
"placa",57
"merce",57
"cozza",57
"dighe",57
"tarde",57
"porga",57
"mutua",56
"smisi",56
"tossi",56
"morda",56
"fanti",56
"nutra",56
"climi",55
"amici",55
"felce",55
"guado",55
"lande",55
"girai",55
"plebe",55
"barbe",55
"dovro",55
"bevve",55
"esita",54
"vanga",54
"caddi",54
"icone",54
"volge",54
"manzi",54
"daino",54
"penta",54
"ulivo",54
"tigli",54
"paria",54
"bidet",54
"guido",54
"indio",54
"gambo",54
"crudi",54
"fondo",54
"tradi",54
"vieni",53
"lombi",53
"bollo",53
"bucce",53
"soldi",53
"empio",53
"stunt",53
"svela",53
"abbia",53
"punto",53
"mosce",53
"usavi",53
"servi",53
"zebre",53
"tarmi",53
"bozzo",53
"sveva",53
"sorci",52
"casto",52
"pecca",52
"boato",52
"zozza",52
"basca",52
"imene",52
"piana",52
"turbi",52
"vulva",52
"canto",51
"liuto",51
"eluso",51
"moine",51
"toppe",51
"tomar",51
"abusa",51
"svani",51
"zozzo",51
"roseo",51
"caffe",51
"sorgi",51
"viole",51
"zooma",51
"segno",50
"grani",50
"sbava",50
"quasi",50
"bermi",50
"ulula",50
"haiku",50
"etici",50
"ebete",49
"cechi",49
"ficus",49
"siepi",49
"agili",49
"salir",49
"sfoga",49
"silos",49
"poemi",49
"frate",49
"canoe",48
"tanno",48
"righi",48
"stara",48
"massi",48
"joint",48
"ceste",48
"cagne",48
"becco",48
"bumba",48
"golpe",48
"cuoce",48
"fasci",48
"tinte",47
"aurea",47
"pigne",47
"ninfa",47
"licei",47
"occhi",47
"suina",47
"ressa",47
"lilla",47
"fuggo",47
"bauli",47
"inter",47
"falda",47
"terno",47
"lecco",47
"lepri",47
"stira",47
"fugga",47
"acari",47
"modem",47
"piano",46
"maure",46
"rizza",46
"snipe",46
"otaku",46
"obesa",46
"bisex",46
"tenni",46
"dimmi",46
"solco",46
"salmi",46
"belta",46
"tirai",46
"sazia",46
"orche",45
"nulle",45
"visir",45
"braca",45
"kaput",45
"track",45
"curvo",45
"facto",45
"bitte",45
"verbi",45
"tordo",45
"tatti",45
"tarma",45
"umori",44
"alare",44
"ahime",44
"inuit",44
"desti",44
"ninfe",44
"cicci",44
"misti",44
"rubai",44
"danne",44
"trash",44
"pormi",44
"anice",44
"sfila",44
"vieti",44
"danzi",44
"avide",44
"guest",44
"andro",44
"cesio",44
"stele",44
"soste",43
"porri",43
"tozzo",43
"xviii",43
"fiuta",43
"natia",43
"nante",43
"bazar",43
"ossei",43
"notes",43
"funge",43
"remix",43
"danzo",43
"allor",43
"bwana",43
"evoca",43
"tassi",43
"dotti",42
"scali",42
"dogma",42
"multi",42
"agiro",42
"bacca",42
"disfa",42
"shunt",42
"macro",42
"cenni",42
"certi",42
"stese",42
"stano",42
"orali",42
"guano",42
"gioco",42
"gioco",42
"telex",42
"verro",42
"spola",41
"forzi",41
"unico",41
"furbe",41
"uscir",41
"poggi",41
"sceme",41
"igloo",41
"andra",41
"zozze",41
"formo",41
"bersi",41
"osavo",41
"sveli",41
"pozze",41
"conga",41
"gozzo",41
"serpi",41
"umide",41
"aromi",41
"mozze",40
"bijou",40
"nasci",40
"porle",40
"stufe",40
"frame",40
"dinne",40
"avvii",40
"kendo",40
"busso",40
"vedra",40
"pigli",40
"frodo",40
"laico",39
"potro",39
"desta",39
"dormi",39
"vilta",39
"edili",39
"morra",39
"riuni",39
"rutti",39
"bizze",39
"slavo",39
"cacio",39
"violi",39
"pezze",39
"lagne",39
"tonde",38
"voila",38
"formi",38
"balie",38
"ingoi",38
"purga",38
"goffi",38
"andro",38
"rette",38
"unita",38
"pitch",38
"pampa",38
"culti",38
"capto",38
"truce",38
"verso",38
"piace",38
"cesso",37
"suino",37
"arpie",37
"usale",37
"telai",37
"taste",37
"levar",37
"knock",37
"acute",37
"viali",37
"lavar",37
"devia",37
"nafta",37
"staro",37
"basto",37
"brame",37
"tuffa",37
"stelo",37
"bardi",36
"rough",36
"dovro",36
"parve",36
"circa",36
"coupe",36
"sigle",36
"ovaia",36
"godra",36
"lesto",36
"lesta",36
"lussi",36
"reagi",36
"zuppo",36
"ebano",36
"sbavi",36
"balio",36
"ghisa",36
"crine",36
"tenia",36
"falde",36
"iloti",36
"colmi",36
"asili",36
"abbai",36
"univa",36
"lotto",35
"folti",35
"denim",35
"cicci",35
"pieta",35
"listo",35
"tonni",35
"cache",35
"salii",35
"husky",35
"grumo",35
"spuma",35
"bramo",35
"tarai",35
"sorde",34
"seltz",34
"tutti",34
"folto",34
"rosea",34
"vitae",34
"vello",34
"sarti",34
"svelo",34
"cocco",34
"tutto",34
"ribes",34
"grumi",34
"lassu",34
"parla",34
"mollo",34
"avari",34
"mosci",34
"fisso",34
"rosee",34
"merli",34
"proxy",34
"pecan",34
"folta",33
"vasti",33
"losca",33
"onoro",33
"copio",33
"menti",33
"freon",33
"corni",33
"caval",33
"vegli",33
"ilota",33
"terze",33
"fessa",33
"tarla",33
"balza",33
"cucio",33
"mieti",32
"morte",32
"forni",32
"dovro",32
"duchi",32
"rombi",32
"annuo",32
"negli",32
"looks",32
"rebus",32
"laica",32
"pieta",32
"anela",32
"colga",32
"manta",32
"picca",32
"sitar",32
"slava",32
"copri",32
"vorra",32
"aggio",32
"randa",31
"liete",31
"sfuma",31
"mogie",31
"sfido",31
"caste",31
"plico",31
"selle",31
"evasa",31
"alche",31
"bario",31
"monco",31
"egual",31
"curia",31
"bevvi",31
"osava",31
"viene",31
"disse",31
"verve",31
"potra",31
"pizzi",31
"abaco",30
"garba",30
"pensi",30
"chini",30
"omnia",30
"ladre",30
"piedi",30
"dingo",30
"scrub",30
"aneto",30
"socie",30
"zolle",30
"malva",30
"imiti",30
"slurp",30
"felci",30
"capir",30
"finir",30
"avara",30
"sommi",30
"svita",30
"tolsi",30
"pigre",29
"lembi",29
"colse",29
"ameba",29
"alano",29
"satin",29
"coche",29
"abeti",29
"tenia",29
"crani",29
"empia",29
"rauco",29
"micce",29
"rozze",29
"mirra",29
"brina",29
"muffe",29
"ugola",29
"spira",29
"vizia",29
"torci",29
"taiga",29
"evade",29
"basto",29
"unico",29
"pochi",29
"pioli",29
"fatwa",29
"ganza",29
"rubar",29
"dotto",29
"stive",29
"mondo",29
"tarli",29
"morti",28
"esuli",28
"porro",28
"build",28
"urlai",28
"parsa",28
"avvio",28
"giara",28
"culle",28
"prive",28
"risma",28
"sarei",28
"cardi",28
"emani",28
"salme",28
"turbe",28
"steli",28
"unica",28
"figli",28
"creai",27
"stara",27
"valse",27
"aride",27
"mozza",27
"zeppe",27
"greve",27
"manco",27
"ebbro",27
"pippe",27
"eleva",27
"faide",27
"colte",27
"burqa",27
"ossee",27
"zoppi",27
"forse",27
"speme",27
"dacia",27
"dress",27
"scova",27
"soavi",27
"alati",27
"rolla",27
"ognun",27
"dieci",27
"ritto",27
"ligio",26
"arabe",26
"unita",26
"slego",26
"amico",26
"compi",26
"clock",26
"negre",26
"rodei",26
"vieto",26
"camme",26
"dossi",26
"clang",26
"regio",26
"ameno",26
"login",26
"sorse",26
"serie",26
"burka",26
"sabba",26
"chete",26
"fuste",26
"cuoci",26
"alita",26
"toner",26
"vista",26
"cacce",26
"lutti",25
"opaco",25
"nomea",25
"bolli",25
"fatal",25
"porta",25
"beate",25
"acide",25
"braci",25
"esili",25
"guari",25
"cielo",25
"tinge",25
"potro",25
"vabbe",25
"amici",25
"aprir",25
"globi",25
"odono",25
"cazzo",25
"parer",25
"cappe",25
"sbafo",25
"sogno",25
"amiga",25
"vedro",25
"fatti",25
"fatti",25
"stiri",25
"charm",25
"dovra",25
"otite",25
"stimi",25
"turpe",25
"serre",25
"capta",25
"demmo",25
"tribu",24
"esala",24
"gessi",24
"inala",24
"liane",24
"perni",24
"rauca",24
"ruoti",24
"calca",24
"ormai",24
"blusa",24
"gobbi",24
"arato",24
"coque",24
"citta",24
"vigne",24
"zozzi",24
"retti",24
"termo",24
"sfama",24
"munto",24
"rutta",24
"gorgo",24
"detti",24
"torma",24
"alici",24
"foyer",24
"pagar",24
"usami",24
"curdi",24
"chela",23
"opaca",23
"scada",23
"lauta",23
"pungi",23
"cameo",23
"mense",23
"valor",23
"bombo",23
"gazze",23
"viver",23
"slega",23
"zione",23
"batte",23
"freme",23
"natio",23
"hedge",23
"fosco",23
"falci",23
"citta",23
"rulli",23
"finse",23
"shirt",23
"notte",23
"sogni",23
"casti",23
"baste",23
"uccel",23
"marmi",23
"verte",23
"evoco",23
"ruspa",23
"terro",22
"merda",22
"wafer",22
"legni",22
"pungo",22
"flute",22
"gombo",22
"uteri",22
"clubs",22
"frane",22
"tardi",22
"tremo",22
"educa",22
"crepo",22
"staro",22
"afoso",22
"tanti",22
"buana",22
"rublo",22
"argon",22
"neuro",22
"punti",22
"sapra",22
"oneri",22
"clava",22
"cardo",22
"ostie",22
"acaro",22
"pagai",21
"estro",21
"cheek",21
"olivo",21
"emise",21
"zuffe",21
"coffa",21
"tenui",21
"folte",21
"unica",21
"salde",21
"fuori",21
"cinto",21
"recai",21
"vispo",21
"laude",21
"brule",21
"mansi",21
"latex",21
"tulle",21
"fremo",21
"locus",21
"filet",21
"densi",21
"elite",21
"burle",21
"pompi",21
"belii",21
"trito",21
"filmi",21
"vince",21
"afosa",21
"seria",21
"girar",21
"stana",21
"sfilo",21
"sapra",21
"calve",21
"filmo",21
"ardue",21
"latto",21
"fundo",21
"scoli",21
"bello",21
"vezzo",21
"magna",21
"finsi",20
"slamo",20
"lessa",20
"tolle",20
"paisa",20
"aureo",20
"testa",20
"guida",20
"desto",20
"stola",20
"dazio",20
"cheap",20
"stati",20
"suini",20
"disfi",20
"psico",20
"halal",20
"dogmi",20
"biada",20
"fiele",20
"ohime",20
"madre",20
"shows",20
"verro",20
"tonte",20
"nisba",20
"cares",20
"siano",20
"toghe",20
"isoli",20
"torvo",20
"grade",20
"sfili",20
"popol",20
"saver",20
"palto",20
"cruna",20
"nocca",20
"bilia",20
"puzze",20
"fitti",20
"phone",20
"pendo",20
"sauro",20
"green",20
"gradi",19
"zolla",19
"boria",19
"balzi",19
"aridi",19
"savio",19
"tempo",19
"squat",19
"gioca",19
"valsi",19
"lauto",19
"eremo",19
"purea",19
"spero",19
"quali",19
"cinte",19
"plaid",19
"curvi",19
"aspre",19
"venia",19
"calle",19
"crapa",19
"fiume",19
"temer",19
"orate",19
"ulivi",19
"vanne",19
"fioca",19
"saune",19
"iarda",19
"sardo",19
"soldi",19
"brami",19
"tardi",19
"esule",19
"mirai",19
"etnie",19
"potro",19
"laido",19
"addio",19
"broda",19
"zloty",19
"lapis",19
"pendi",19
"odoro",19
"terso",19
"pelvi",19
"salpo",18
"tigro",18
"morto",18
"epici",18
"queto",18
"tempi",18
"cuore",18
"teams",18
"scavo",18
"porto",18
"piare",18
"tropo",18
"eppur",18
"morra",18
"vispa",18
"osmio",18
"passe",18
"ugual",18
"lella",18
"radio",18
"spire",18
"aloni",18
"rione",18
"pigia",18
"pivot",18
"udita",18
"aiuto",18
"danna",18
"beghe",18
"sahib",18
"basta",18
"laici",18
"cedri",18
"sozzo",18
"avene",18
"credi",18
"tedio",18
"serio",18
"lunch",18
"risme",18
"acini",18
"padre",18
"cucco",18
"folio",18
"bozzi",18
"siedi",18
"alata",18
"intro",18
"troni",18
"motti",18
"cerva",18
"detto",18
"lines",18
"slave",18
"nette",18
"orici",18
"ronzi",17
"plato",17
"monca",17
"lombo",17
"zuava",17
"snoda",17
"amalo",17
"amebe",17
"esula",17
"stilo",17
"zeppi",17
"varca",17
"vabbe",17
"monto",17
"serto",17
"bilie",17
"evase",17
"balzo",17
"accio",17
"betel",17
"dense",17
"orati",17
"tuona",17
"agora",17
"staro",17
"pieno",17
"diodo",17
"duolo",17
"isolo",17
"fuoco",17
"dagli",17
"agave",17
"dirti",17
"ritta",17
"tordi",17
"boeri",17
"fatto",17
"serbe",17
"acino",17
"teche",17
"birba",17
"confa",17
"ovali",17
"conio",17
"calzi",17
"tersi",17
"humus",16
"summa",16
"vedra",16
"solve",16
"snodo",16
"glifo",16
"dinar",16
"tibie",16
"altar",16
"polpi",16
"molto",16
"adito",16
"tetri",16
"munge",16
"entro",16
"batte",16
"eroga",16
"tesor",16
"frugo",16
"avevi",16
"farmi",16
"asina",16
"cagar",16
"evito",16
"miopi",16
"vinto",16
"orata",16
"sarte",16
"anger",16
"volta",16
"calmo",16
"afide",16
"bensi",16
"loghi",16
"verra",16
"abuso",16
"boats",16
"orina",16
"omani",16
"gambi",16
"negro",16
"pazzo",16
"fumar",16
"tepee",16
"afidi",16
"tizie",16
"stona",16
"conto",16
"trova",16
"narco",15
"orrei",15
"tempi",15
"adire",15
"morii",15
"lerci",15
"parra",15
"umani",15
"lycra",15
"spiga",15
"bagno",15
"ebeti",15
"arene",15
"mille",15
"roghi",15
"disfo",15
"predi",15
"porse",15
"nanne",15
"hurra",15
"gatto",15
"sbavo",15
"stole",15
"nuovi",15
"sunto",15
"balla",15
"nuovo",15
"tutti",15
"vesti",15
"volse",15
"pareo",15
"unque",15
"tanti",15
"lauri",15
"crawl",15
"obese",15
"bachi",15
"ninni",15
"sbuco",15
"grazi",15
"omoni",15
"plana",15
"colme",15
"chino",15
"acqua",15
"vorra",15
"virus",15
"balze",15
"tocai",14
"ebbra",14
"crear",14
"vedro",14
"tozze",14
"gobbe",14
"elude",14
"scafi",14
"romba",14
"aspri",14
"giaci",14
"mungi",14
"fossi",14
"venti",14
"possi",14
"penti",14
"prono",14
"fende",14
"prona",14
"stupi",14
"vissi",14
"volgi",14
"tallo",14
"bruno",14
"farse",14
"crepe",14
"aceri",14
"paese",14
"zompa",14
"porlo",14
"longa",14
"gelso",14
"verro",14
"bacio",14
"esimi",14
"bruma",14
"sarde",14
"celie",14
"notti",14
"berli",14
"sabia",14
"cards",14
"fasti",14
"passe",14
"brado",14
"sante",14
"sugna",14
"sapor",14
"ingiu",14
"joule",14
"label",14
"busca",14
"gangs",14
"desso",13
"trami",13
"credi",13
"dolgo",13
"vagai",13
"fammi",13
"gonzi",13
"perde",13
"punse",13
"fiora",13
"fisse",13
"carre",13
"farsi",13
"scuso",13
"penda",13
"altri",13
"sugli",13
"virtu",13
"prece",13
"senno",13
"senno",13
"dommi",13
"slavi",13
"parte",13
"parti",13
"volgo",13
"letto",13
"corpi",13
"ciuco",13
"henne",13
"tarsi",13
"paoli",13
"imito",13
"jodel",13
"lordi",13
"piena",13
"farti",13
"vaffa",13
"bighe",13
"cappi",13
"doari",13
"luffa",13
"riffa",13
"coipo",13
"scovi",13
"anima",13
"vampa",13
"primi",13
"nappe",13
"altea",13
"plein",13
"dammi",13
"sopra",13
"obolo",13
"sputo",13
"prima",13
"cheta",13
"toppo",13
"gleba",13
"sovra",13
"pista",13
"doble",13
"mosto",13
"vacuo",13
"torme",13
"laida",13
"raffe",13
"ernie",13
"divin",13
"trace",13
"asset",12
"orcio",12
"mirto",12
"diamo",12
"donno",12
"posso",12
"magia",12
"nulli",12
"desio",12
"rande",12
"vedro",12
"cuori",12
"omnes",12
"parka",12
"inali",12
"laure",12
"volai",12
"piolo",12
"pezzi",12
"mozzi",12
"cinti",12
"yatch",12
"omnis",12
"tingo",12
"vogli",12
"colza",12
"danni",12
"natte",12
"naive",12
"vocio",12
"spora",12
"fiuti",12
"onice",12
"parca",12
"zinne",12
"ruoto",12
"feudi",12
"evadi",12
"fiata",12
"vanto",12
"sapro",12
"dirli",12
"corri",12
"culli",12
"pompo",12
"trite",12
"bonta",12
"passi",12
"sesso",12
"reale",12
"altro",12
"lauro",12
"sfami",12
"gente",12
"novio",12
"emano",12
"query",12
"regno",12
"fasto",12
"pilaf",12
"forzo",12
"opale",12
"terro",12
"video",12
"sorgo",12
"potra",12
"cucia",12
"bocci",12
"drena",11
"rayon",11
"palpi",11
"palpo",11
"torea",11
"setti",11
"pensa",11
"tacci",11
"quesi",11
"esoro",11
"moral",11
"scusa",11
"scusi",11
"bolsa",11
"mamma",11
"marco",11
"uditi",11
"lesti",11
"conca",11
"prova",11
"passa",11
"giare",11
"empie",11
"valer",11
"hijab",11
"donne",11
"baldi",11
"baldo",11
"anche",11
"ballo",11
"sposa",11
"ficco",11
"fremi",11
"notam",11
"moina",11
"tuffo",11
"lenze",11
"svelo",11
"bendi",11
"notta",11
"parii",11
"metti",11
"ligia",11
"sensi",11
"arata",11
"russi",11
"barco",11
"mochi",11
"ostro",11
"bieco",11
"skiff",11
"cablo",11
"legge",11
"nulla",11
"piani",11
"tiene",11
"sabia",11
"conti",11
"reais",11
"cerci",11
"turpi",11
"lapin",11
"pesto",11
"stile",10
"isola",10
"rotea",10
"causo",10
"lazza",10
"piego",10
"linci",10
"morti",10
"perdi",10
"situa",10
"zuavi",10
"usane",10
"colsi",10
"etano",10
"libro",10
"beota",10
"prana",10
"sniff",10
"contr",10
"tasta",10
"obici",10
"auree",10
"tingi",10
"solca",10
"ovaio",10
"reste",10
"agivo",10
"pissi",10
"osero",10
"nenia",10
"migra",10
"meche",10
"copia",10
"sabot",10
"caput",10
"arche",10
"occhi",10
"metri",10
"ebreo",10
"resse",10
"lazzi",10
"uniti",10
"torco",10
"parsi",10
"irato",10
"erano",10
"urico",10
"ketch",10
"cunei",10
"mesto",10
"ghiri",10
"rondo",10
"yuppy",10
"cozzo",10
"ritmo",10
"spali",10
"torba",10
"henne",10
"scena",10
"espia",10
"colpi",10
"pissi",10
"menar",10
"funga",10
"andra",10
"torio",10
"azuki",10
"sfamo",10
"saghe",10
"gmail",10
"esigi",10
"cinge",10
"egida",10
"parli",10
"morro",10
"baite",10
"vacua",10
"addio",10
"cosca",10
"ceche",10
"ruspe",10
"poule",10
"avrai",10
"pitia",10
"vezzi",10
"teddy",10
"ferii",9
"dessa",9
"posti",9
"lagni",9
"zenit",9
"trips",9
"cheti",9
"danzo",9
"pesar",9
"orice",9
"verza",9
"udiva",9
"morta",9
"asana",9
"queta",9
"calda",9
"orafo",9
"scopo",9
"giuro",9
"parci",9
"villi",9
"torna",9
"lasci",9
"fecce",9
"stila",9
"domus",9
"fregi",9
"obice",9
"pappo",9
"parar",9
"upupa",9
"xxiii",9
"panel",9
"entra",9
"vispi",9
"nuore",9
"benna",9
"recar",9
"tarso",9
"milze",9
"cader",9
"agape",9
"credo",9
"salpo",9
"dillo",9
"zuppi",9
"ahime",9
"greto",9
"lasca",9
"lassu",9
"educo",9
"ferro",9
"devii",9
"usero",9
"fatui",9
"edemi",9
"dixit",9
"essai",9
"citto",9
"guaio",9
"vanie",9
"shift",9
"citte",9
"entry",9
"posai",9
"cavar",9
"rappa",9
"rodio",9
"iridi",9
"coipi",9
"paura",9
"piace",9
"donar",9
"kurdo",9
"tieni",9
"cielo",9
"torni",9
"ninne",9
"busti",9
"negri",9
"zappe",9
"udrai",9
"clave",9
"presi",9
"verde",9
"sieri",9
"mirar",9
"cecio",9
"polii",9
"amare",9
"piane",9
"farci",9
"sarai",9
"brovo",9
"ardui",9
"desco",9
"sviti",9
"metro",9
"ceppa",9
"intra",9
"cieli",9
"curda",9
"beuta",9
"ancia",9
"palpa",9
"raspa",8
"minui",8
"fatuo",8
"catte",8
"udivo",8
"dotta",8
"dovra",8
"aerei",8
"dolci",8
"chine",8
"esibi",8
"serio",8
"spari",8
"pitta",8
"penso",8
"litta",8
"gioia",8
"tolla",8
"annui",8
"carre",8
"spiro",8
"nerbo",8
"tamia",8
"terga",8
"aiuti",8
"lassi",8
"pensi",8
"umani",8
"farlo",8
"moire",8
"paggi",8
"sismi",8
"rosei",8
"umano",8
"sapro",8
"donna",8
"fauno",8
"sapro",8
"draga",8
"apnee",8
"bossi",8
"buina",8
"fonti",8
"diede",8
"forte",8
"digli",8
"opero",8
"caldo",8
"formo",8
"negai",8
"nibbi",8
"annua",8
"entra",8
"beone",8
"evado",8
"plans",8
"mammo",8
"gitto",8
"stami",8
"enema",8
"devio",8
"erose",8
"plano",8
"drogo",8
"pinee",8
"spala",8
"selce",8
"triti",8
"dille",8
"nembo",8
"comun",8
"anelo",8
"birra",8
"violo",8
"gomma",8
"bebop",8
"terro",8
"stani",8
"pario",8
"merge",8
"scalo",8
"cucci",8
"presi",8
"bulla",8
"surfa",8
"bigne",8
"intui",8
"tesso",8
"primi",8
"stari",8
"ovino",8
"filmo",8
"bonta",8
"rebbi",8
"pisce",8
"birra",8
"vacui",8
"amero",8
"esito",8
"amica",8
"gassa",8
"darti",8
"violo",8
"truci",8
"sughi",8
"frega",8
"rambo",8
"dirvi",8
"henne",8
"farai",8
"nutri",8
"desto",7
"flint",7
"paesi",7
"clona",7
"terna",7
"virtu",7
"piede",7
"mesta",7
"lezzo",7
"acqua",7
"porti",7
"alani",7
"vivro",7
"sozzi",7
"stuto",7
"aiuta",7
"usero",7
"gyros",7
"carri",7
"allee",7
"speri",7
"bendo",7
"scusi",7
"quini",7
"allea",7
"pregi",7
"oddio",7
"vengo",7
"figli",7
"proto",7
"abito",7
"bonzi",7
"altra",7
"mafie",7
"fresa",7
"caute",7
"miete",7
"siate",7
"micca",7
"matto",7
"adagi",7
"ciula",7
"daini",7
"spiri",7
"pollo",7
"adula",7
"mando",7
"lavai",7
"aliti",7
"predo",7
"nasco",7
"annui",7
"rotto",7
"girlo",7
"sesti",7
"fermi",7
"dovei",7
"cetra",7
"asola",7
"mammi",7
"bervi",7
"calla",7
"attua",7
"senso",7
"sotto",7
"diane",7
"gaudi",7
"cullo",7
"lorde",7
"troia",7
"sfuso",7
"rosso",7
"dolio",7
"tocca",7
"zoppe",7
"sfizi",7
"asole",7
"passo",7
"tigna",7
"studi",7
"giova",7
"macho",7
"vampe",7
"prive",7
"vecio",7
"cucce",7
"tiare",7
"cerco",7
"torsi",7
"ogiva",7
"tette",7
"pazza",7
"verdi",7
"stufo",7
"avare",7
"certi",7
"iarde",7
"alate",7
"emuli",7
"media",7
"salvo",7
"spedi",7
"break",7
"arabi",7
"plica",7
"santa",7
"salio",7
"stato",7
"porla",7
"array",7
"simil",7
"esoso",7
"capti",7
"resti",7
"amile",7
"gilda",7
"fault",7
"galea",7
"urino",7
"peone",7
"nuoto",7
"pappa",6
"tersa",6
"genio",6
"lazzo",6
"olivi",6
"avita",6
"esali",6
"orafa",6
"sushi",6
"doghe",6
"sparo",6
"glifi",6
"tappo",6
"amali",6
"aerei",6
"piani",6
"diche",6
"conio",6
"spara",6
"scuce",6
"treno",6
"scuci",6
"turbo",6
"putta",6
"porra",6
"dirmi",6
"porto",6
"giovi",6
"laute",6
"tozza",6
"magio",6
"seggo",6
"solto",6
"kajal",6
"iurte",6
"aurei",6
"cagne",6
"siclo",6
"spini",6
"buona",6
"crisi",6
"minga",6
"siglo",6
"vista",6
"subir",6
"flato",6
"teste",6
"bella",6
"golfo",6
"ilare",6
"visto",6
"blini",6
"quivi",6
"manca",6
"carpo",6
"forzo",6
"tonne",6
"leste",6
"ibera",6
"placo",6
"catti",6
"esalo",6
"ebbri",6
"riuni",6
"pique",6
"preci",6
"zioni",6
"orami",6
"dirlo",6
"circo",6
"tange",6
"erase",6
"segui",6
"pieni",6
"short",6
"cifra",6
"selve",6
"orano",6
"pappa",6
"ofide",6
"minne",6
"grama",6
"fidai",6
"perso",6
"masse",6
"sloga",6
"zompi",6
"cesse",6
"tarpa",6
"mezzi",6
"cigna",6
"boati",6
"ricco",6
"varie",6
"sozza",6
"tutte",6
"eroso",6
"forti",6
"burli",6
"calma",6
"premi",6
"rateo",6
"cespo",6
"arati",6
"fiche",6
"ululi",6
"bravi",6
"imago",6
"elevo",6
"casso",6
"tanto",6
"laura",6
"ostri",6
"esime",6
"adeso",6
"perir",6
"colie",6
"dissi",6
"civet",6
"bobby",6
"strie",6
"svevi",6
"alzar",6
"logos",6
"dirlo",6
"anura",6
"cucca",6
"yurta",6
"menti",6
"zappi",6
"butta",6
"persi",6
"varra",6
"graio",6
"aiuta",6
"magni",6
"vibro",6
"aspic",6
"barba",6
"digos",6
"pillo",6
"leggi",6
"scoda",6
"terra",6
"toque",6
"ovini",6
"barca",6
"fatta",6
"cazza",6
"hully",6
"bonta",6
"smani",6
"pappe",6
"vento",6
"tengo",6
"fumai",6
"astia",6
"scire",6
"tecno",6
"tozzi",6
"prime",6
"casus",6
"esose",6
"casco",6
"diane",6
"anche",6
"esosi",6
"osino",6
"piota",6
"campi",6
"slums",6
"ascio",6
"posto",6
"festa",6
"legai",6
"trovi",6
"virtu",6
"lagno",5
"balti",5
"penny",5
"arnia",5
"imano",5
"garbi",5
"costi",5
"tatua",5
"mauve",5
"vedra",5
"urini",5
"tatui",5
"infin",5
"pique",5
"nessi",5
"babau",5
"bordo",5
"tatuo",5
"spani",5
"iberi",5
"ramai",5
"amale",5
"vitto",5
"stupi",5
"gioca",5
"pichi",5
"polla",5
"torlo",5
"zones",5
"onoro",5
"etera",5
"balsa",5
"sfuse",5
"beoni",5
"clama",5
"sbuco",5
"smiri",5
"aiuti",5
"molto",5
"minge",5
"copio",5
"trago",5
"punga",5
"mogio",5
"lerce",5
"mutar",5
"ferra",5
"umana",5
"miete",5
"piedi",5
"dolga",5
"missa",5
"umane",5
"buono",5
"imene",5
"vivra",5
"bocca",5
"arano",5
"multo",5
"ultra",5
"froci",5
"odiai",5
"ubbie",5
"tosto",5
"pinti",5
"ridda",5
"spigo",5
"scuoi",5
"tonfa",5
"borda",5
"boemo",5
"proni",5
"salpi",5
"macis",5
"verta",5
"selli",5
"borre",5
"carta",5
"nonno",5
"parce",5
"fiori",5
"salto",5
"unira",5
"cocce",5
"tinca",5
"uniro",5
"elevo",5
"croma",5
"botte",5
"umbra",5
"farvi",5
"probi",5
"penar",5
"ditta",5
"amigo",5
"talea",5
"volte",5
"persi",5
"cadde",5
"lasco",5
"camma",5
"manza",5
"anima",5
"buyer",5
"scura",5
"gechi",5
"polve",5
"merci",5
"epoca",5
"punti",5
"pasce",5
"giuso",5
"sensi",5
"casba",5
"privo",5
"aioli",5
"spron",5
"ululo",5
"passe",5
"raspo",5
"bugie",5
"pecco",5
"sfori",5
"diodi",5
"vuoto",5
"lidia",5
"ulama",5
"amena",5
"sfora",5
"abati",5
"rulla",5
"patre",5
"shear",5
"quoto",5
"goder",5
"setup",5
"cerca",5
"sisal",5
"andra",5
"spume",5
"licio",5
"colui",5
"spins",5
"colia",5
"gotha",5
"kundu",5
"torva",5
"narri",5
"donai",5
"niuna",5
"graie",5
"sanci",5
"melio",5
"tetre",5
"autor",5
"swing",5
"torno",5
"lampa",5
"vivai",5
"gramo",5
"lider",5
"blesa",5
"celta",5
"invei",5
"ferve",5
"vibri",5
"nasse",5
"addii",5
"fatti",5
"tessi",5
"ruggi",5
"carne",5
"bagno",5
"opali",5
"emula",5
"elide",5
"stame",5
"sarai",5
"pelea",5
"guari",5
"cereo",5
"suona",5
"sondi",5
"trovo",5
"fatte",5
"bandi",5
"atout",5
"cadra",5
"frego",5
"campi",5
"resti",5
"nevai",5
"ruina",5
"edere",5
"busco",5
"ritti",5
"cirro",5
"cosai",5
"sfilo",4
"mimme",4
"spaio",4
"bambu",4
"nesto",4
"biche",4
"calai",4
"amori",4
"canta",4
"bardo",4
"boule",4
"grido",4
"piamo",4
"spano",4
"litte",4
"ibero",4
"badia",4
"snodi",4
"bruca",4
"sfina",4
"muovi",4
"spore",4
"toppi",4
"rabia",4
"mergi",4
"genio",4
"coffe",4
"cuori",4
"durar",4
"zanni",4
"sondo",4
"dichi",4
"risto",4
"scifi",4
"svena",4
"eluse",4
"fiano",4
"punir",4
"beoti",4
"latro",4
"bigio",4
"usero",4
"denti",4
"iurta",4
"bromo",4
"galee",4
"oblia",4
"ciuff",4
"arida",4
"opimi",4
"bolso",4
"dormi",4
"muori",4
"darts",4
"scolo",4
"mogia",4
"iesto",4
"bucio",4
"parai",4
"sapra",4
"vorro",4
"pieta",4
"urina",4
"eludi",4
"sazie",4
"datti",4
"filar",4
"riuso",4
"cusso",4
"cieco",4
"alice",4
"donne",4
"proci",4
"scemo",4
"entro",4
"boemi",4
"borde",4
"rigar",4
"vigli",4
"sisma",4
"fumee",4
"unire",4
"state",4
"tribu",4
"irata",4
"frema",4
"carme",4
"aizza",4
"clips",4
"alveo",4
"barro",4
"adipe",4
"vinci",4
"aduli",4
"oppur",4
"onore",4
"dento",4
"torno",4
"elevi",4
"salve",4
"blase",4
"lesso",4
"grane",4
"annue",4
"probo",4
"fuffa",4
"fogna",4
"antri",4
"griot",4
"mando",4
"raids",4
"balle",4
"sacre",4
"ampli",4
"sacre",4
"kitai",4
"evada",4
"gatti",4
"amava",4
"pesco",4
"inane",4
"grami",4
"ferme",4
"aizzi",4
"scovo",4
"oboli",4
"gesti",4
"elusi",4
"bacii",4
"ormai",4
"mesti",4
"fatua",4
"quasi",4
"anime",4
"varro",4
"fioco",4
"vibro",4
"mezzi",4
"citai",4
"stare",4
"dator",4
"nuche",4
"porli",4
"dieri",4
"roano",4
"multa",4
"manti",4
"ricca",4
"maghe",4
"pinzo",4
"bomba",4
"optai",4
"mezzo",4
"vuole",4
"vetro",4
"ralla",4
"fotto",4
"darmi",4
"lance",4
"piesi",4
"etile",4
"spalo",4
"venie",4
"passi",4
"stimo",4
"sfoci",4
"dorsi",4
"vorro",4
"isolo",4
"lunga",4
"corve",4
"adoro",4
"magar",4
"porco",4
"retro",4
"saute",4
"tacer",4
"guida",4
"coiti",4
"crini",4
"woman",4
"rosse",4
"sedia",4
"asino",4
"pitie",4
"linda",4
"medio",4
"ogive",4
"cavai",4
"perse",4
"panse",4
"mante",4
"succi",4
"verni",4
"cinse",4
"rocks",4
"finta",4
"tetti",4
"steri",4
"edito",4
"slogo",4
"bulle",4
"prema",4
"dirai",4
"tardo",4
"zazen",4
"brief",4
"punks",4
"ganze",4
"sozio",4
"giade",4
"agito",4
"arero",4
"nassa",4
"gravi",4
"trovo",4
"naive",4
"djset",4
"zizze",4
"noema",4
"umbro",4
"servi",4
"impor",4
"devio",4
"faste",4
"place",4
"spere",4
"emulo",4
"nivea",4
"rolli",4
"aderi",4
"fiori",4
"faggi",4
"armai",4
"sagre",4
"ramno",4
"latti",4
"sacco",4
"agito",4
"varco",4
"burba",4
"parlo",4
"sento",4
"avere",4
"consa",4
"piene",4
"bolli",4
"utile",4
"svito",4
"siete",4
"glace",4
"stono",4
"arera",4
"stoni",4
"magro",4
"pallo",4
"zappa",4
"asada",4
"haida",4
"voghi",4
"gambe",4
"resta",4
"vorro",4
"fisso",4
"saura",4
"cossi",4
"bocco",4
"tinse",4
"ruote",4
"talpa",4
"dessi",4
"eriga",3
"campo",3
"epoca",3
"gradi",3
"canno",3
"osera",3
"ronzo",3
"ritta",3
"sonno",3
"slego",3
"arete",3
"ferir",3
"scopa",3
"zitti",3
"munta",3
"panze",3
"staio",3
"spana",3
"sofia",3
"logro",3
"avite",3
"sonar",3
"ardir",3
"vagar",3
"noirs",3
"patte",3
"spole",3
"avito",3
"grado",3
"invio",3
"canti",3
"esiga",3
"verze",3
"vieto",3
"muovi",3
"tapes",3
"guana",3
"sparo",3
"serbo",3
"voile",3
"follo",3
"parca",3
"dolci",3
"solta",3
"pensi",3
"brodi",3
"santa",3
"tiene",3
"cuore",3
"penso",3
"pezzo",3
"savia",3
"viado",3
"nervi",3
"azero",3
"niqab",3
"pelle",3
"lecco",3
"morie",3
"rolle",3
"farri",3
"sfumi",3
"cambi",3
"parva",3
"pacco",3
"mesce",3
"fiumi",3
"testo",3
"mixed",3
"prove",3
"ghost",3
"libri",3
"scuse",3
"solti",3
"tuono",3
"scana",3
"tonto",3
"cosse",3
"tombe",3
"salvo",3
"panni",3
"fiato",3
"stavi",3
"choux",3
"venga",3
"tenie",3
"sfide",3
"violo",3
"attui",3
"dimmi",3
"teste",3
"provi",3
"compi",3
"tacce",3
"tense",3
"golfi",3
"tinga",3
"coipi",3
"chiti",3
"amidi",3
"pieta",3
"pappi",3
"pigio",3
"censo",3
"rafia",3
"altre",3
"muoio",3
"levai",3
"merco",3
"suoli",3
"senne",3
"pulsi",3
"agivi",3
"merca",3
"shops",3
"giudo",3
"ohibo",3
"brule",3
"oscar",3
"fossi",3
"fango",3
"boema",3
"svani",3
"melia",3
"urtai",3
"caldi",3
"bisce",3
"provo",3
"bosso",3
"sicli",3
"unici",3
"sidri",3
"scart",3
"forre",3
"calta",3
"batik",3
"curai",3
"litra",3
"maini",3
"cirri",3
"unici",3
"sposi",3
"drudo",3
"usati",3
"barba",3
"vivro",3
"sello",3
"verla",3
"torca",3
"niuno",3
"corso",3
"audit",3
"tizio",3
"cista",3
"rioni",3
"corsi",3
"arpia",3
"zinna",3
"frani",3
"udira",3
"picio",3
"adoni",3
"ragia",3
"grana",3
"genia",3
"irati",3
"sposo",3
"avori",3
"salvi",3
"fidar",3
"fiume",3
"scora",3
"accia",3
"mafia",3
"fuggi",3
"morre",3
"proba",3
"turni",3
"fiore",3
"erbio",3
"narro",3
"erigi",3
"cingi",3
"arino",3
"omeri",3
"oculi",3
"biodi",3
"ghega",3
"droga",3
"nuovi",3
"boldo",3
"istmo",3
"ifema",3
"urici",3
"chili",3
"raspi",3
"varra",3
"acque",3
"paolo",3
"delay",3
"ovvio",3
"espia",3
"stara",3
"pesce",3
"puppo",3
"scure",3
"hanno",3
"unite",3
"versi",3
"metta",3
"tarpo",3
"ambia",3
"ambio",3
"aurai",3
"erosa",3
"ottri",3
"siero",3
"tutte",3
"bitta",3
"mette",3
"croce",3
"onlus",3
"venia",3
"rampo",3
"burlo",3
"abito",3
"taxes",3
"regie",3
"niego",3
"apine",3
"passo",3
"menga",3
"loran",3
"patii",3
"tango",3
"baffi",3
"amish",3
"mosca",3
"cullo",3
"lungo",3
"apina",3
"salmi",3
"esodi",3
"bugia",3
"azimo",3
"piera",3
"aiola",3
"admin",3
"codec",3
"gioia",3
"scovo",3
"legno",3
"mingi",3
"andro",3
"offro",3
"confa",3
"quoti",3
"seghi",3
"citta",3
"cacti",3
"riffe",3
"bieca",3
"vuota",3
"reali",3
"pruni",3
"sciri",3
"piola",3
"pulii",3
"suine",3
"fungi",3
"lepri",3
"socio",3
"stura",3
"palle",3
"entro",3
"canna",3
"suite",3
"finor",3
"logge",3
"world",3
"fondi",3
"deita",3
"padri",3
"afona",3
"mente",3
"tetto",3
"verno",3
"sogni",3
"capto",3
"lemme",3
"dirsi",3
"galle",3
"iesto",3
"cinti",3
"miosi",3
"scita",3
"pugni",3
"qasba",3
"anuro",3
"pongo",3
"messi",3
"capii",3
"sotti",3
"nuota",3
"muoni",3
"scipi",3
"bagni",3
"lorda",3
"gloss",3
"cerio",3
"gamba",3
"roteo",3
"celto",3
"ridar",3
"muoia",3
"merga",3
"secca",3
"linfe",3
"pruna",3
"palai",3
"aboli",3
"ponti",3
"disse",3
"arava",3
"dirle",3
"primo",3
"motta",3
"fusta",3
"vacue",3
"vacci",3
"senti",3
"leggo",3
"sabei",3
"cangi",3
"dubbi",3
"mozzo",3
"raion",3
"sorti",3
"kilim",3
"finto",3
"tumba",3
"banna",3
"parlo",3
"togli",3
"lindi",3
"saute",3
"pigia",3
"pegni",3
"votar",3
"amene",3
"ignee",3
"conne",3
"celar",3
"ranno",3
"donni",3
"conta",3
"direi",3
"mogli",3
"breve",3
"glace",3
"alula",3
"vinse",3
"costi",3
"calzo",3
"esosa",3
"uggia",3
"pesci",3
"copto",3
"suono",3
"slogo",3
"villa",3
"grida",3
"atrio",3
"bauta",3
"ronfa",3
"anodo",3
"beffi",3
"comun",3
"perno",3
"dreno",3
"ladri",3
"bieta",3
"canni",3
"legar",3
"grido",3
"terse",3
"udire",3
"lorio",2
"kanji",2
"usaci",2
"logia",2
"ladra",2
"scudi",2
"panza",2
"orine",2
"zitta",2
"bailo",2
"mugik",2
"odano",2
"orini",2
"tinsi",2
"stima",2
"mimma",2
"balta",2
"paesi",2
"firmo",2
"danti",2
"malga",2
"birri",2
"elice",2
"usure",2
"goals",2
"visse",2
"mania",2
"canta",2
"esalo",2
"bingo",2
"verti",2
"zitta",2
"erige",2
"corte",2
"marra",2
"solio",2
"amigo",2
"piano",2
"kapok",2
"perdi",2
"gerlo",2
"nozze",2
"treni",2
"viene",2
"perla",2
"milia",2
"treni",2
"forno",2
"posar",2
"piega",2
"orafi",2
"rasai",2
"mutue",2
"tramo",2
"polls",2
"dovra",2
"amero",2
"pieni",2
"porte",2
"badar",2
"svaso",2
"litro",2
"combe",2
"voila",2
"marni",2
"preda",2
"amera",2
"olore",2
"andai",2
"sosti",2
"torei",2
"parks",2
"bigia",2
"piaci",2
"monti",2
"nonni",2
"lauti",2
"situo",2
"racco",2
"bendo",2
"brule",2
"locum",2
"sorsa",2
"aiuti",2
"punii",2
"umbra",2
"gatti",2
"cenar",2
"unita",2
"esame",2
"palto",2
"tossa",2
"libre",2
"aequo",2
"cenai",2
"trino",2
"cossi",2
"bacar",2
"pugna",2
"crasi",2
"ruota",2
"leder",2
"phyla",2
"bassi",2
"rocco",2
"bassi",2
"sturo",2
"infra",2
"hello",2
"mucca",2
"orari",2
"aiuto",2
"smile",2
"chimi",2
"galio",2
"dorai",2
"basse",2
"field",2
"ylang",2
"micia",2
"vinti",2
"cacca",2
"vende",2
"caino",2
"paste",2
"cadra",2
"basso",2
"rompe",2
"lifta",2
"urlar",2
"terge",2
"angla",2
"cross",2
"stilo",2
"pulso",2
"quine",2
"lidar",2
"stava",2
"vendi",2
"farei",2
"visti",2
"talor",2
"muore",2
"pasta",2
"crepa",2
"mamma",2
"legis",2
"mieti",2
"house",2
"mieti",2
"farli",2
"spera",2
"iarda",2
"ulice",2
"union",2
"buoni",2
"cessi",2
"sappi",2
"pieta",2
"tergo",2
"sapra",2
"fiero",2
"licet",2
"fulva",2
"cella",2
"coeso",2
"ecole",2
"odire",2
"music",2
"tasto",2
"forma",2
"mioma",2
"tasca",2
"godro",2
"crepo",2
"fisso",2
"coesi",2
"munga",2
"alpha",2
"fulvi",2
"copie",2
"lampe",2
"fauni",2
"larga",2
"vocii",2
"natta",2
"segue",2
"agone",2
"buffi",2
"vitte",2
"guadi",2
"fosse",2
"white",2
"trano",2
"staia",2
"pigri",2
"lanei",2
"curar",2
"cofto",2
"commi",2
"eludo",2
"nimby",2
"zetto",2
"stata",2
"epuro",2
"super",2
"cieca",2
"collo",2
"drive",2
"ietta",2
"sfogo",2
"callo",2
"morte",2
"trena",2
"stati",2
"lanci",2
"silfi",2
"bambu",2
"ceder",2
"ovoli",2
"tribu",2
"turma",2
"manso",2
"manze",2
"tilli",2
"gommo",2
"abiti",2
"vivro",2
"negro",2
"miste",2
"domar",2
"brule",2
"nuova",2
"sbora",2
"verle",2
"usati",2
"ebrea",2
"lessi",2
"lento",2
"agero",2
"canai",2
"agire",2
"clamo",2
"folla",2
"lello",2
"timer",2
"getta",2
"celia",2
"matte",2
"circi",2
"ethos",2
"joker",2
"boati",2
"gioir",2
"umili",2
"esimo",2
"spura",2
"ninni",2
"turna",2
"natii",2
"nerbi",2
"sposo",2
"girls",2
"direi",2
"rampi",2
"tanar",2
"locco",2
"vabbe",2
"stogo",2
"udiro",2
"yogin",2
"metro",2
"riera",2
"jitsu",2
"suora",2
"rider",2
"crome",2
"spuri",2
"inani",2
"secco",2
"ideai",2
"visti",2
"amici",2
"balli",2
"anale",2
"rendi",2
"tughe",2
"volta",2
"emano",2
"geodi",2
"ferme",2
"corro",2
"nuove",2
"gande",2
"basai",2
"notto",2
"respi",2
"sunti",2
"orato",2
"rodeo",2
"manca",2
"calma",2
"marci",2
"persi",2
"tarpi",2
"sfusa",2
"prava",2
"righe",2
"cagai",2
"ferma",2
"balii",2
"mania",2
"persa",2
"venni",2
"elisa",2
"corna",2
"carne",2
"musei",2
"scavi",2
"gombe",2
"opina",2
"stino",2
"statu",2
"mineo",2
"duali",2
"gaffa",2
"imeni",2
"piago",2
"gelsi",2
"limes",2
"musco",2
"vizzi",2
"float",2
"mezza",2
"mette",2
"media",2
"mirti",2
"orale",2
"purgo",2
"corpo",2
"daghe",2
"bluse",2
"merci",2
"oravi",2
"sozze",2
"madri",2
"urati",2
"suolo",2
"coffe",2
"meato",2
"freno",2
"nembi",2
"cispe",2
"dolce",2
"ripor",2
"reagi",2
"riero",2
"baffo",2
"carco",2
"gemma",2
"degno",2
"porci",2
"piada",2
"corsa",2
"placo",2
"kanji",2
"usare",2
"rubra",2
"mitra",2
"polke",2
"luigi",2
"barbi",2
"alias",2
"brigo",2
"evira",2
"cippo",2
"abita",2
"carme",2
"macco",2
"smisi",2
"asino",2
"first",2
"vetri",2
"cappo",2
"dolar",2
"spiar",2
"vinco",2
"colpo",2
"afose",2
"cuoco",2
"crisi",2
"kamut",2
"vinca",2
"mallo",2
"lunga",2
"corve",2
"seppi",2
"india",2
"breva",2
"girei",2
"gusto",2
"aneli",2
"fiuto",2
"ramai",2
"asilo",2
"calmi",2
"farei",2
"spots",2
"andro",2
"saute",2
"misti",2
"areno",2
"volsi",2
"grisu",2
"zinne",2
"corvo",2
"varva",2
"sforo",2
"latte",2
"kulak",2
"grand",2
"rossi",2
"fissi",2
"rossi",2
"huchi",2
"panni",2
"topos",2
"mirti",2
"folli",2
"darsi",2
"avido",2
"luigi",2
"bambi",2
"loppo",2
"tocco",2
"surre",2
"aerei",2
"tribu",2
"elica",2
"poche",2
"vinci",2
"verra",2
"paghi",2
"cavie",2
"evoco",2
"seste",2
"india",2
"efebo",2
"debol",2
"sfasa",2
"unira",2
"jabot",2
"usera",2
"pusso",2
"orala",2
"loggo",2
"froda",2
"efebi",2
"narro",2
"gesti",2
"dinka",2
"probo",2
"vuoti",2
"sugge",2
"ragia",2
"curio",2
"torri",2
"torvi",2
"asilo",2
"ovvii",2
"idolo",2
"turna",2
"erica",2
"palio",2
"butto",2
"terra",2
"spate",2
"fermo",2
"kurdi",2
"pulir",2
"masti",2
"molar",2
"girmi",2
"agavi",2
"cerco",2
"scala",2
"calci",2
"ombre",2
"malie",2
"nuoto",2
"pario",2
"scale",2
"falso",2
"fader",2
"snasa",2
"utile",2
"entri",2
"sfare",2
"sotta",2
"torno",2
"volva",2
"aveva",2
"edera",2
"iesta",2
"tarde",2
"serro",2
"messi",2
"melar",2
"pazzi",2
"uccio",2
"furto",2
"dirci",2
"presa",2
"premo",2
"boero",2
"fixer",2
"corde",2
"pazze",2
"alleo",2
"osavi",2
"ragli",2
"cinga",2
"grave",2
"range",2
"setto",2
"stuta",2
"guaio",2
"penne",2
"proso",2
"pulla",2
"bleso",2
"preso",2
"prose",2
"tenor",2
"terre",2
"adira",2
"cieca",2
"zomba",2
"tigre",2
"amato",2
"cingo",2
"sabbi",2
"allei",2
"sgami",2
"ovina",2
"fasta",2
"vacca",2
"saldo",2
"berro",2
"parli",2
"clono",2
"edita",2
"santo",2
"dalla",2
"viete",2
"riale",2
"volee",2
"sente",2
"altri",2
"fanno",2
"borei",2
"zoomi",2
"vivra",2
"perle",2
"rapii",2
"prati",2
"maser",2
"grata",2
"fiori",2
"fughi",2
"ficus",2
"sorte",2
"terro",2
"varea",2
"vergi",2
"brolo",2
"pugno",2
"sollo",2
"duomi",2
"psoas",2
"credo",2
"dante",2
"tigre",2
"stria",2
"radio",2
"comma",2
"forfe",2
"giovo",2
"sfumo",2
"ginni",2
"laide",2
"luigi",2
"taino",2
"eschi",2
"casca",2
"avvio",2
"atone",2
"gibus",2
"potro",2
"bombi",2
"mogli",2
"ignea",2
"gobbo",2
"cerve",2
"mogli",2
"conti",2
"belli",2
"finta",2
"diana",2
"conte",2
"cigni",2
"guido",2
"reati",2
"porri",2
"grigi",2
"parei",2
"ultor",2
"reita",2
"cispa",2
"laidi",2
"necci",2
"disto",2
"fagli",2
"oppor",2
"sassi",2
"bezzo",2
"ronfo",2
"resto",2
"pieno",2
"fallo",2
"first",2
"vorra",2
"ricci",2
"brent",2
"aviti",2
"negra",2
"serri",2
"fulvo",2
"abile",2
"fallo",2
"cadro",2
"stola",2
"campa",2
"micie",2
"botta",2
"reumi",2
"beffo",2
"curva",2
"orare",2
"trovi",2
"univo",2
"truca",2
"booms",2
"loffi",2
"inalo",2
"ladri",2
"disti",2
"migro",2
"bitte",2
"potte",2
"saure",2
"cucii",2
"clono",2
"canso",2
"reste",2
"sfamo",1
"fingi",1
"fingi",1
"fissa",1
"salpo",1
"scipi",1
"firma",1
"codio",1
"udite",1
"gisse",1
"finno",1
"ietto",1
"pareo",1
"gradi",1
"godro",1
"corto",1
"costa",1
"ghego",1
"brule",1
"fichi",1
"pezze",1
"abbia",1
"drive",1
"danza",1
"andra",1
"rotei",1
"diapo",1
"vessi",1
"versi",1
"udita",1
"volvi",1
"brida",1
"bizze",1
"benne",1
"oltra",1
"stipo",1
"cadra",1
"olear",1
"gissi",1
"danze",1
"kumys",1
"caria",1
"lappa",1
"bramo",1
"verta",1
"fonce",1
"muovo",1
"canni",1
"stipa",1
"della",1
"udito",1
"fovea",1
"corea",1
"grido",1
"dessi",1
"iodio",1
"stone",1
"happy",1
"ioidi",1
"udivi",1
"vergo",1
"story",1
"dotai",1
"tossi",1
"aceti",1
"redox",1
"elite",1
"skunk",1
"brevi",1
"spese",1
"lorio",1
"furbi",1
"gravo",1
"putto",1
"elogi",1
"celle",1
"sgama",1
"pugni",1
"sabii",1
"solvi",1
"nella",1
"furbi",1
"aereo",1
"avara",1
"magra",1
"disfo",1
"romea",1
"usuri",1
"sedur",1
"minne",1
"velai",1
"ulani",1
"ebbre",1
"socio",1
"canto",1
"smina",1
"svasa",1
"botox",1
"zuavo",1
"ruggi",1
"fonia",1
"gerla",1
"porne",1
"caino",1
"kefir",1
"lurco",1
"isola",1
"ocche",1
"vedro",1
"odrai",1
"grida",1
"zampe",1
"esige",1
"iella",1
"rolle",1
"etico",1
"riusi",1
"errar",1
"bugie",1
"ubbia",1
"etica",1
"paisa",1
"desii",1
"onori",1
"drive",1
"mesci",1
"epico",1
"frana",1
"dissi",1
"mazza",1
"sanse",1
"esimi",1
"sechi",1
"aduna",1
"sorti",1
"capra",1
"verga",1
"evasi",1
"brune",1
"pioni",1
"fanga",1
"danno",1
"agita",1
"alter",1
"avare",1
"tauro",1
"paisa",1
"alari",1
"laudi",1
"omari",1
"opera",1
"itero",1
"tosse",1
"aiuto",1
"sveno",1
"soleo",1
"umico",1
"cussi",1
"gotto",1
"muori",1
"rodeo",1
"tolto",1
"copie",1
"sveni",1
"missa",1
"gioie",1
"dieni",1
"morii",1
"ingiu",1
"butch",1
"rotti",1
"tuffo",1
"denti",1
"buchi",1
"eremi",1
"netti",1
"abiti",1
"calco",1
"esora",1
"micio",1
"regia",1
"pelee",1
"casei",1
"buchi",1
"puree",1
"verro",1
"oblii",1
"ligre",1
"monta",1
"dagli",1
"mafio",1
"vieni",1
"pezzi",1
"giovo",1
"sgela",1
"dente",1
"plugo",1
"rista",1
"piche",1
"sgelo",1
"sdare",1
"dente",1
"spaio",1
"gioca",1
"siilo",1
"abiti",1
"monte",1
"cince",1
"abita",1
"manco",1
"vendo",1
"gocci",1
"mosco",1
"rechi",1
"colmo",1
"umici",1
"sgeli",1
"linka",1
"destr",1
"efesi",1
"lezio",1
"braco",1
"sfusi",1
"monto",1
"vinai",1
"unito",1
"nasse",1
"edile",1
"quale",1
"serro",1
"clami",1
"latri",1
"tesse",1
"dorme",1
"camei",1
"cuoca",1
"pigio",1
"quali",1
"orare",1
"esami",1
"disfi",1
"agiro",1
"scodo",1
"ganni",1
"mieta",1
"copio",1
"sfida",1
"almea",1
"giuro",1
"alche",1
"orava",1
"scavi",1
"latra",1
"rombe",1
"dovei",1
"aroma",1
"vanno",1
"farli",1
"pasti",1
"vendi",1
"aerei",1
"domai",1
"ciche",1
"diner",1
"rompi",1
"ossia",1
"pasti",1
"sigli",1
"imito",1
"tolti",1
"tende",1
"uscii",1
"otico",1
"circo",1
"ridur",1
"respi",1
"tergi",1
"rezzi",1
"quito",1
"leghe",1
"buone",1
"stili",1
"buffo",1
"ladro",1
"aster",1
"sviar",1
"spela",1
"malte",1
"gazzo",1
"stico",1
"godra",1
"tento",1
"umani",1
"mersi",1
"ordir",1
"gazzi",1
"proti",1
"pirex",1
"ordii",1
"fessa",1
"radio",1
"etate",1
"spato",1
"tirai",1
"spelo",1
"trave",1
"tanna",1
"coese",1
"chilo",1
"riuni",1
"mouse",1
"coesa",1
"umili",1
"cicci",1
"sordi",1
"colai",1
"afnio",1
"potei",1
"hippy",1
"secol",1
"rosee",1
"filai",1
"censi",1
"giuda",1
"gueri",1
"piche",1
"prego",1
"epoca",1
"sceda",1
"abaya",1
"cacai",1
"rusca",1
"fiera",1
"largo",1
"frisa",1
"gogne",1
"aione",1
"dilui",1
"verdi",1
"fetta",1
"lanzo",1
"teine",1
"manga",1
"adiri",1
"insto",1
"noesi",1
"subii",1
"catta",1
"farmi",1
"migri",1
"nenie",1
"donni",1
"spasi",1
"molta",1
"colon",1
"catto",1
"bocce",1
"sedia",1
"ponte",1
"linee",1
"osero",1
"areca",1
"lizzi",1
"entri",1
"solda",1
"lusso",1
"torte",1
"miomi",1
"lists",1
"esalo",1
"tenta",1
"proco",1
"cozzo",1
"aceti",1
"piavi",1
"cibai",1
"pompa",1
"invia",1
"odici",1
"vivra",1
"calie",1
"murra",1
"torti",1
"vitta",1
"primi",1
"sfoco",1
"placa",1
"tonfi",1
"arhat",1
"cofta",1
"corve",1
"solai",1
"trana",1
"segui",1
"mieta",1
"lemne",1
"lusco",1
"prete",1
"vorai",1
"bibbi",1
"coche",1
"ciulo",1
"tafia",1
"aprii",1
"caria",1
"potra",1
"buine",1
"canta",1
"morbi",1
"preti",1
"slide",1
"voila",1
"micro",1
"melme",1
"garni",1
"mieli",1
"freso",1
"cerno",1
"gioio",1
"agite",1
"labio",1
"avute",1
"acido",1
"lance",1
"silfo",1
"buffe",1
"ebrei",1
"bugne",1
"carsi",1
"white",1
"salon",1
"muggi",1
"menda",1
"disto",1
"espio",1
"drags",1
"usati",1
"mille",1
"pepar",1
"clini",1
"banai",1
"parti",1
"arata",1
"xxvii",1
"risse",1
"lieto",1
"grano",1
"cenni",1
"bista",1
"pasci",1
"getti",1
"sfoga",1
"piesi",1
"muffo",1
"parto",1
"usate",1
"cenni",1
"finno",1
"chips",1
"giuro",1
"tempa",1
"usate",1
"prone",1
"macro",1
"onici",1
"sdava",1
"sosto",1
"oblio",1
"metri",1
"tizia",1
"forum",1
"ocche",1
"sodio",1
"sugai",1
"daina",1
"power",1
"ballo",1
"timor",1
"quado",1
"metri",1
"porno",1
"firmo",1
"virga",1
"antri",1
"parse",1
"prete",1
"ballo",1
"scoti",1
"dilla",1
"argui",1
"bambe",1
"matti",1
"alano",1
"visco",1
"ressi",1
"egira",1
"tradi",1
"lolle",1
"piede",1
"crape",1
"solgo",1
"trema",1
"mitro",1
"canta",1
"corse",1
"nassi",1
"tremi",1
"agile",1
"corco",1
"palco",1
"emoji",1
"genie",1
"inalo",1
"inumo",1
"polli",1
"ranco",1
"pezzi",1
"sodio",1
"feste",1
"alibi",1
"folli",1
"amica",1
"ceffi",1
"felci",1
"ornai",1
"falsa",1
"sharo",1
"piove",1
"giada",1
"serve",1
"gioia",1
"chimo",1
"grafi",1
"furia",1
"ragno",1
"drupe",1
"corca",1
"pizza",1
"cuoia",1
"ritmo",1
"fonte",1
"tufai",1
"congi",1
"serie",1
"avvio",1
"bosco",1
"sfido",1
"siglo",1
"grame",1
"irosi",1
"coler",1
"inizi",1
"tilde",1
"bioma",1
"fuffe",1
"naspo",1
"umana",1
"scoro",1
"anche",1
"sfata",1
"vinta",1
"balle",1
"lulla",1
"salto",1
"edili",1
"anali",1
"ciese",1
"pizzo",1
"tifai",1
"girle",1
"ruoli",1
"batch",1
"fermo",1
"iroso",1
"rissi",1
"bulai",1
"gonne",1
"letti",1
"rotta",1
"pesco",1
"poppe",1
"gesti",1
"socco",1
"stori",1
"vessa",1
"morii",1
"amiga",1
"priva",1
"grifi",1
"fauce",1
"lasso",1
"vilta",1
"tagga",1
"ninne",1
"unico",1
"isola",1
"rende",1
"morii",1
"geode",1
"volto",1
"bessi",1
"grifo",1
"erigo",1
"solda",1
"aiuti",1
"pansi",1
"rende",1
"tagli",1
"cocca",1
"amica",1
"prore",1
"colar",1
"stasi",1
"bacio",1
"bersi",1
"vasai",1
"adulo",1
"rospi",1
"bulli",1
"emesi",1
"blitz",1
"alala",1
"meste",1
"animo",1
"ratti",1
"prave",1
"aurea",1
"germi",1
"canta",1
"animo",1
"facon",1
"masti",1
"tomai",1
"brani",1
"basto",1
"penai",1
"coipo",1
"plagi",1
"privo",1
"vengi",1
"errai",1
"chilo",1
"corri",1
"mouse",1
"volti",1
"erede",1
"teppa",1
"zompo",1
"talee",1
"cinta",1
"palpo",1
"poeti",1
"mandi",1
"serio",1
"falla",1
"intui",1
"lampi",1
"onese",1
"lotta",1
"oralo",1
"ferri",1
"parvo",1
"ponte",1
"opino",1
"andai",1
"zinna",1
"nuovo",1
"usera",1
"porlo",1
"burro",1
"fatue",1
"cinti",1
"ovvie",1
"cotti",1
"giada",1
"mater",1
"unita",1
"freni",1
"apici",1
"queen",1
"piete",1
"bagne",1
"picco",1
"aspri",1
"varia",1
"emiri",1
"mensa",1
"comba",1
"calci",1
"degni",1
"pania",1
"lasse",1
"viste",1
"espii",1
"croci",1
"siedi",1
"pinea",1
"scifo",1
"uscio",1
"pruda",1
"dilui",1
"lxxii",1
"flavo",1
"dista",1
"ansia",1
"metti",1
"lombi",1
"cafro",1
"busti",1
"cruda",1
"animi",1
"place",1
"abuso",1
"soldo",1
"zilla",1
"virai",1
"erosi",1
"berti",1
"metti",1
"piode",1
"voice",1
"ligie",1
"prudi",1
"esumo",1
"scuro",1
"calmi",1
"brava",1
"sorca",1
"porci",1
"pulle",1
"berme",1
"mosci",1
"laghi",1
"sacro",1
"ehila",1
"zucca",1
"evaso",1
"froge",1
"guide",1
"muchi",1
"damma",1
"succo",1
"tempi",1
"plebi",1
"lussi",1
"secce",1
"prega",1
"usare",1
"baffi",1
"giace",1
"parma",1
"calme",1
"itera",1
"salam",1
"carna",1
"aderi",1
"citte",1
"fiume",1
"nomos",1
"lando",1
"tizzo",1
"solfo",1
"invio",1
"pazzi",1
"minar",1
"avole",1
"isole",1
"becco",1
"agino",1
"ratei",1
"ascia",1
"cadro",1
"pasci",1
"peoci",1
"bravi",1
"dinne",1
"cervo",1
"turco",1
"pitot",1
"sfoco",1
"invio",1
"becco",1
"calzo",1
"rates",1
"cazzi",1
"trani",1
"amata",1
"tedia",1
"riyal",1
"gusti",1
"trani",1
"avolo",1
"papua",1
"peace",1
"curri",1
"gusto",1
"siamo",1
"manat",1
"ciuli",1
"opera",1
"piece",1
"puree",1
"ameni",1
"spina",1
"miele",1
"giuda",1
"citta",1
"busco",1
"dorra",1
"ietti",1
"murmi",1
"culpa",1
"funto",1
"gisti",1
"gains",1
"cenna",1
"colpe",1
"gomme",1
"fonti",1
"stomi",1
"crina",1
"mappo",1
"brodo",1
"carie",1
"magia",1
"invia",1
"cosci",1
"cerne",1
"deghi",1
"tante",1
"romeo",1
"petto",1
"barre",1
"vuote",1
"cocco",1
"tucul",1
"dacie",1
"darsi",1
"farsa",1
"terza",1
"cubia",1
"berta",1
"trade",1
"cieli",1
"naide",1
"mangi",1
"umile",1
"minio",1
"pisce",1
"rodie",1
"terzi",1
"calze",1
"uvale",1
"sente",1
"rifar",1
"parei",1
"capre",1
"poche",1
"dilli",1
"sciro",1
"coite",1
"emica",1
"cuoci",1
"assai",1
"patri",1
"prati",1
"argot",1
"andra",1
"punta",1
"borra",1
"frasi",1
"lutea",1
"bruno",1
"krill",1
"crepe",1
"tribu",1
"ingiu",1
"glace",1
"tocco",1
"diana",1
"azine",1
"palla",1
"acili",1
"viola",1
"sbafa",1
"utili",1
"golpe",1
"polsi",1
"cambi",1
"scira",1
"frano",1
"salve",1
"tutta",1
"fogno",1
"stata",1
"talli",1
"voxel",1
"chepi",1
"servo",1
"sardi",1
"nuoci",1
"troie",1
"rubbi",1
"sofia",1
"farai",1
"nonna",1
"tizzi",1
"punte",1
"bussa",1
"frale",1
"tivvu",1
"addii",1
"cista",1
"citta",1
"audio",1
"canso",1
"epoca",1
"torve",1
"alani",1
"salsa",1
"cerci",1
"south",1
"mosse",1
"scusi",1
"munti",1
"polso",1
"belin",1
"sture",1
"ivata",1
"siepe",1
"padre",1
"cugna",1
"savie",1
"ivato",1
"gelar",1
"vivra",1
"otica",1
"offri",1
"fighe",1
"caffa",1
"cogni",1
"punto",1
"padri",1
"omano",1
"hurra",1
"sieda",1
"gioco",1
"negri",1
"alese",1
"amali",1
"lente",1
"minia",1
"falsi",1
"potro",1
"guido",1
"caffe",1
"vampi",1
"pausa",1
"apire",1
"libar",1
"balzo",1
"conto",1
"kurda",1
"butti",1
"caffi",1
"laida",1
"salta",1
"ascio",1
"causo",1
"verra",1
"onero",1
"tatuo",1
"sartu",1
"fogge",1
"razza",1
"teron",1
"menti",1
"surfi",1
"yurte",1
"bimbo",1
"gemer",1
"bizza",1
"mando",1
"girti",1
"ampia",1
"luogo",1
"accio",1
"sveni",1
"girls",1
"babbo",1
"texto",1
"rezzo",1
"travi",1
"finto",1
"attor",1
"fondo",1
"afone",1
"furti",1
"colpa",1
"panze",1
"aleph",1
"dessi",1
"liceo",1
"manna",1
"spedi",1
"grada",1
"causa",1
"vispe",1
"molti",1
"molli",1
"mande",1
"volvi",1
"surfo",1
"limii",1
"svelo",1
"presi",1
"miasi",1
"tardo",1
"parie",1
"stoma",1
"sordi",1
"rosai",1
"piece",1
"tarlo",1
"messo",1
"tetta",1
"video",1
"carda",1
"frigo",1
"sciti",1
"rochi",1
"ronca",1
"black",1
"fervo",1
"bensi",1
"volee",1
"ruoto",1
"sfece",1
"kilts",1
"mordi",1
"firmi",1
"verse",1
"flute",1
"micio",1
"salio",1
"migro",1
"volle",1
"dotti",1
"clima",1
"citar",1
"parre",1
"corda",1
"chili",1
"celte",1
"raggi",1
"bagni",1
"buche",1
"ecidi",1
"vissi",1
"tusca",1
"balte",1
"gravi",1
"piaga",1
"blesi",1
"delta",1
"sbuco",1
"epico",1
"logro",1
"rieda",1
"sogna",1
"piche",1
"sette",1
"odore",1
"fiati",1
"certi",1
"cotta",1
"tropi",1
"leale",1
"hakka",1
"aioli",1
"eviti",1
"verro",1
"ruzzo",1
"lecci",1
"borsa",1
"bigne",1
"eluda",1
"terne",1
"addii",1
"aizzo",1
"sputa",1
"bimbo",1
"zitto",1
"esano",1
"pochi",1
"bagna",1
"maghi",1
"leggi",1
"birbe",1
"lucra",1
"porti",1
"carne",1
"blend",1
"farei",1
"cigli",1
"cheto",1
"corba",1
"saggi",1
"lecce",1
"ralle",1
"lenea",1
"ponti",1
"servi",1
"epica",1
"bonta",1
"solte",1
"olive",1
"stufi",1
"basco",1
"corbe",1
"butti",1
"fonce",1
"regge",1
"dipoi",1
"votai",1
"sgamo",1
"urese",1
"whois",1
"raver",1
"piste",1
"amare",1
"univa",1
"bambo",1
"merla",1
"trivi",1
"celai",1
"odoro",1
"cerea",1
"tosca",1
"zatta",1
"fissa",1
"aravo",1
"reggi",1
"rizzo",1
"cacti",1
"marsi",1
"perle",1
"amara",1
"grati",1
"cremo",1
"narco",1
"canal",1
"stano",1
"omaro",1
"spine",1
"polis",1
"sonio",1
"varai",1
"culto",1
"sgolo",1
"azide",1
"prato",1
"afono",1
"beota",1
"conno",1
"songo",1
"sopir",1
"froci",1
"cerei",1
"senta",1
"sigla",1
"limbi",1
"obito",1
"dicco",1
"pelee",1
"iella",1
"doblo",1
"arabi",1
"testi",1
"ginno",1
"patti",1
"suoni",1
"cuoio",1
"vasti",1
"caini",1
"cagli",1
"esiti",1
"marzo",1
"diete",1
"santi",1
"alera",1
"sento",1
"ronza",1
"lindo",1
"farci",1
"amera",1
"potro",1
"rista",1
"hevea",1
"dieci",1
"dovra",1
"beach",1
"orlon",1
"coppe",1
"cosci",1
"gasse",1
"serpa",1
"diale",1
"morse",1
"ostai",1
"caler",1
"beare",1
"zeppo",1
"olito",1
"loser",1
"chilo",1
"chili",1
"fiato",1
"caino",1
"atona",1
"porro",1
"passa",1
"elite",1
"quare",1
"ehila",1
"smise",1
"celar",1
"belli",1
"segai",1
"china",1
"beati",1
"palli",1
"vespa",1
"atono",1
"darti",1
"belli",1
"stivo",1
"evita",1
"adiro",1
"lisce",1
"vedro",1
"gioii",1
"vorra",1
"rogar",1
"bande",1
"spago",1
"resto",1
"scite",1
"sassi",1
"aduso",1
"zinca",1
"pinta",1
"conso",1
"curvo",1
"quici",1
"entro",1
"adusi",1
"lavia",1
"tolda",1
"razzi",1
"monto",1
"lange",1
"truck",1
"sfini",1
"fogli",1
"donde",1
"pardi",1
"belta",1
"umbre",1
"legge",1
"laure",1
"asili",1
"esami",1
"serro",1
"sapra",1
"rodar",1
"perca",1
"pachi",1
"evita",1
"melas",1
"toghi",1
"balba",1
"banda",1
"murai",1
"ronfi",1
"poghi",1
"putre",1
"cucin",1
"addii",1
"paino",1
"banks",1
"amnio",1
"angue",1
"mondi",1
"reame",1
"elici",1
"resti",1
"birro",1
"frese",1
"dodos",1
"duole",1
"clivi",1
"bimba",1
"finse",1
"vizzo",1
"modoc",1
"beute",1
"babbi",1
"curde",1
"ieste",1
"lamia",1
"fingi",1
"issai",1
"linda",1
"esigi",1
"sorbi",1
"sedie",1
"adora",1
"reuma",1
"eviro",1
"tramo",1
"ville",1
"leoni",1
"omega",1
"candi",1
"potta",1
"robes",1
"entri",1
"peoni",1
"costo",1
"atrii",1
"retta",1
"ptosi",1
"epuro",1
"isola",1
"senna",1
"range",1
"cansa",1
"firma",1
"sommo",1
"ricco",1
"dogli",1
"senza",1
"texte",1
"loffa",1
"renai",1
"tenza",1
"berro",1
"firme",1
